product_id,brand_name,status,atc_code
120,INSPRA 25 mg film-coated tablets.,Success,C03DA04
503,Targinact 5 mg/2.5 mg prolonged-release tablets,Success,N02AA05
1945,"Aspire Allergy Relief 2% w/v eye drops, Solution (eye drops) Optrex Allergy 2%w/v Eye Drops, Solution (eye drops) EM Pharma Allergy Relief 2%w/v Eye Drops, Solution (eye drops)",Success,R01AC01
2602,Deximune 25 mg soft capsules,Success,L04AD01
2648,Labetalol 200 mg Film-coated Tablets,Success,C07AG01
3815,Trileptal ® 150 mg Film-coated Tablets Trileptal ® 300 mg Film-coated Tablets Trileptal ® 600 mg Film-coated Tablets Oxcarbazepine ® 150mg Film-coated Tablets Oxcarbazepine ® 300mg Film-coated Tablets Oxcarbazepine ® 600mg Film-coated Tablets,Success,N03AF02
3887,"Equasym XL 10 mg modified-release capsules, hard Equasym XL 20 mg modified-release capsules, hard Equasym XL 30 mg modified-release capsules, hard",Success,N06BA04
3904,"Primovist 0.25 mmol/ml, solution for injection, pre-filled syringe or Gadoxetate disodium 0.25 mmol/ml, solution for injection, pre-filled syringe",Success,V08CA10
4732,Perindopril 2 mg tablets,Success,C09AA04
6554,Gentisone HC Ear Drops. Gentamicin 0.3% w/v and Hydrocortisone acetate 1% w/v Ear Drops,Success,D06AX07
7484,Mintreleq XL 50 mg prolonged-release tablets Mintreleq XL 150 mg prolonged-release tablets Mintreleq XL 200 mg prolonged-release tablets Mintreleq XL 300 mg prolonged-release tablets Mintreleq XL 400 mg prolonged-release tablets,Success,N05AH04
7700,Sevredol tablets 50mg,Success,N02AA01
7708,Targinact 20 mg/10 mg prolonged-release tablets,Success,N02AA05
7867,PARIET 20 mg gastro-resistant tablet.,Success,A02BC04
8137,"Nurofen for Children Strawberry Baby Nurofen for Children 3 months to 9 years Strawberry Nurofen for Children Cold, Pain and Fever Strawberry Flavour 100 mg/5 ml Oral Suspension",Success,M01AE01
9280,Oxycodone Hydrochloride 10 mg/ml solution for injection or infusion,Success,N02AA05
9321,Nurofen Joint & Muscular Pain Relief 200mg Medicated Plaster,Success,M01AE01
9715,Budelin® Novolizer® 200 micrograms per actuation inhalation powder,Success,A07EA06
9765,"COSOPT iMulti 20 mg/ml + 5 mg/ml eye drops, solution",Success,S01EC03
10060,Riluzole 50 mg film-coated tablets,Success,N07XX02
10309,Lyrica 225 mg hard capsules,Success,N02BF02
10334,Atomoxetine 25 mg hard capsules,Success,N06BA09
10419,Melatonin 1 mg/ ml oral solution,Success,N05CH01
10555,Isotretinoin 10 mg soft capsules,Success,D10AD04
10560,Coagadex 500 IU powder and solvent for solution for injection.,Success,B02BD13
10755,"Pregabalin SUN 100 mg Capsules, Hard",Success,N02BF02
11053,Olanzapine Glenmark 2.5 mg tablets,Success,N05AH03
11509,Adenosine 30 mg/10 ml solution for infusion,Success,C01EB10
11906,Zeposia 0.23 mg hard capsules Zeposia 0.46 mg hard capsules Zeposia 0.92 mg hard capsules,Success,L04AE02
13261,Sotalol 80mg Tablets,Success,C07AA07
13596,Sodium Valproate 100mg/ml Solution for Injection or Infusion,Success,N03AG01
13659,Efavirenz/Emtricitabine/Tenofovir disoproxil Glenmark 600 mg/ 200 mg/245 mg film-coated tablets,Success,J05AG03
13689,Amoxicillin 250mg Capsules,Success,J01CA04
13742,Fesoterodine fumarate 4 mg prolonged-release tablets,Success,G04BD11
13936,Testavan 20 mg/g Transdermal gel,Success,G03BA03
14210,Amlodipine / Valsartan 5 mg / 80 mg film-coated tablets,Success,C08CA01
14563,Montelukast 5 mg chewable tablets,Success,R03DC03
14749,Lercanidipine hydrochloride 20 mg film-coated tablets,Success,C08CA13
14799,Solifenacin succinate/tamsulosin hydrochloride Zentiva 6 mg/0.4 mg modified release tablets,Success,G04BD08
14804,"VISIPAQUE 320 mg I/ml Solution for Injection, glass container and polypropylene container",Success,V08AB09
15886,Salazopyrin ® 500 mg Tablets Sulfasalazine 500 mg Tablets,Success,A07EC01
15960,"Octalbin 5% , 50 g/l, solution for infusion",Success,B05AA01
16018,"Ibuprofen 5% gel, Fenbid gel, Phorpain Gel, Flexigel, Ibuprofen Pain relief gel 5% w/w",Success,M01AE01
100179,Ganciclovir 500 mg powder for concentrate for solution for infusion,Success,J05AB06
100626,Bosutinib 100 mg film‑coated tablets,Success,L01EA04
100689,Famotidine 40 mg film-coated tablets,Success,A02BA03
100725,Mirtazapine 45 mg film-coated tablets,Success,N06AX11
100999,Loperamide 2mg Tablets,Success,A07DA03
101803,Vensir XL 75mg prolonged release hard capsules Venlafaxine Morningside 75mg prolonged release hard capsules,Success,N06AX16
101979,Cladribine Merck 10 mg tablets,Success,L01BB04
