product_id,status,adr_count,error
120,Success,44,
503,Success,186,
1945,Success,2,
2602,Success,52,
2648,Success,54,
3815,Success,62,
3887,Success,157,
3904,Success,35,
4732,Success,73,
6554,Success,9,
7484,Success,84,
7700,Success,68,
7708,Success,179,
7867,Success,59,
8137,Success,21,
9280,Success,94,
9321,Success,25,
9715,Success,33,
9765,Success,97,
10060,Success,20,
10309,Success,187,
10334,Success,76,
10419,Success,104,
10555,Success,109,
10560,Success,26,
10755,Success,187,
11053,Success,78,
11509,Success,57,
11906,Success,22,
13261,Success,50,
13596,Success,103,
13659,Success,109,
13689,Success,38,
13742,Success,38,
13936,Success,52,
14210,Success,105,
14563,Success,52,
14749,Success,30,
14799,Success,59,
14804,Success,123,
15886,Success,89,
15960,Success,22,
16018,Success,27,
100179,Success,88,
100626,Success,143,
100689,Success,47,
100725,Success,64,
100999,Success,38,
101803,Success,104,
101979,Success,14,
