product_id,brand_name,status,active_ingredient,atc_code,atc_source
120,INSPRA 25 mg film-coated tablets.,Success,eplerenone,C03DA04,rxnorm_direct
503,Targinact 5 mg/2.5 mg prolonged-release tablets,Success,"oxycodone, naloxone",N02AA05,rxnorm_direct
1945,"Aspire Allergy Relief 2% w/v eye drops, Solution (eye drops) Optrex Allergy 2%w/v Eye Drops, Solution (eye drops) EM Pharma Allergy Relief 2%w/v Eye Drops, Solution (eye drops)",Success,sodium cromoglicate,R01AC01,manual_who_atc
2602,Deximune 25 mg soft capsules,Success,ciclosporin,L04AD01,rxnorm_direct
2648,Labetalol 200 mg Film-coated Tablets,Success,labetalol,C07AG01,rxnorm_direct
3815,Trileptal ® 150 mg Film-coated Tablets Trileptal ® 300 mg Film-coated Tablets Trileptal ® 600 mg Film-coated Tablets Oxcarbazepine ® 150mg Film-coated Tablets Oxcarbazepine ® 300mg Film-coated Tablets Oxcarbazepine ® 600mg Film-coated Tablets,Success,oxcarbazepine,N03AF02,rxnorm_direct
3887,"Equasym XL 10 mg modified-release capsules, hard Equasym XL 20 mg modified-release capsules, hard Equasym XL 30 mg modified-release capsules, hard",Success,methylphenidate,N06BA04,rxnorm_direct
3904,"Primovist 0.25 mmol/ml, solution for injection, pre-filled syringe or Gadoxetate disodium 0.25 mmol/ml, solution for injection, pre-filled syringe",Success,gadoxetate disodium,V08CA10,manual_who_atc
4732,Perindopril 2 mg tablets,Success,perindopril,C09AA04,rxnorm_direct
6554,Gentisone HC Ear Drops. Gentamicin 0.3% w/v and Hydrocortisone acetate 1% w/v Ear Drops,Success,"gentamicin, hydrocortisone",D06AX07,rxnorm_direct
7484,Mintreleq XL 50 mg prolonged-release tablets Mintreleq XL 150 mg prolonged-release tablets Mintreleq XL 200 mg prolonged-release tablets Mintreleq XL 300 mg prolonged-release tablets Mintreleq XL 400 mg prolonged-release tablets,Success,quetiapine,N05AH04,rxnorm_direct
7700,Sevredol tablets 50mg,Success,morphine,N02AA01,rxnorm_direct
7708,Targinact 20 mg/10 mg prolonged-release tablets,Success,"oxycodone, naloxone",N02AA05,rxnorm_direct
7867,PARIET 20 mg gastro-resistant tablet.,Success,rabeprazole,A02BC04,rxnorm_direct
8137,"Nurofen for Children Strawberry Baby Nurofen for Children 3 months to 9 years Strawberry Nurofen for Children Cold, Pain and Fever Strawberry Flavour 100 mg/5 ml Oral Suspension",Success,ibuprofen,M01AE01,manual_who_atc
9280,Oxycodone Hydrochloride 10 mg/ml solution for injection or infusion,Success,oxycodone,N02AA05,rxnorm_direct
9321,Nurofen Joint & Muscular Pain Relief 200mg Medicated Plaster,Success,ibuprofen,M01AE01,manual_who_atc
9715,Budelin® Novolizer® 200 micrograms per actuation inhalation powder,Success,budesonide,A07EA06,rxnorm_direct
9765,"COSOPT iMulti 20 mg/ml + 5 mg/ml eye drops, solution",Success,"dorzolamide, timolol",S01EC03,rxnorm_direct
10060,Riluzole 50 mg film-coated tablets,Success,riluzole,N07XX02,rxnorm_direct
10309,Lyrica 225 mg hard capsules,Success,pregabalin,N02BF02,rxnorm_direct
10334,Atomoxetine 25 mg hard capsules,Success,atomoxetine,N06BA09,rxnorm_direct
10419,Melatonin 1 mg/ ml oral solution,Success,melatonin,N05CH01,rxnorm_direct
10555,Isotretinoin 10 mg soft capsules,Success,isotretinoin,D10AD04,rxnorm_direct
10560,Coagadex 500 IU powder and solvent for solution for injection.,Success,coagulation factor x,B02BD13,rxnorm_direct
10755,"Pregabalin SUN 100 mg Capsules, Hard",Success,pregabalin,N02BF02,rxnorm_direct
11053,Olanzapine Glenmark 2.5 mg tablets,Success,olanzapine,N05AH03,rxnorm_direct
11509,Adenosine 30 mg/10 ml solution for infusion,Success,adenosine,C01EB10,rxnorm_direct
11906,Zeposia 0.23 mg hard capsules Zeposia 0.46 mg hard capsules Zeposia 0.92 mg hard capsules,Success,ozanimod,L04AE02,rxnorm_direct
13261,Sotalol 80mg Tablets,Success,sotalol,C07AA07,rxnorm_direct
13596,Sodium Valproate 100mg/ml Solution for Injection or Infusion,Success,sodium valproate,N03AG01,manual_who_atc
13659,Efavirenz/Emtricitabine/Tenofovir disoproxil Glenmark 600 mg/ 200 mg/245 mg film-coated tablets,Success,"efavirenz, emtricitabine, tenofovir disoproxil",J05AG03,rxnorm_direct
13689,Amoxicillin 250mg Capsules,Success,amoxicillin,J01CA04,rxnorm_direct
13742,Fesoterodine fumarate 4 mg prolonged-release tablets,Success,fesoterodine,G04BD11,rxnorm_direct
13936,Testavan 20 mg/g Transdermal gel,Success,testosterone,G03BA03,rxnorm_direct
14210,Amlodipine / Valsartan 5 mg / 80 mg film-coated tablets,Success,"amlodipine, valsartan",C08CA01,rxnorm_direct
14563,Montelukast 5 mg chewable tablets,Success,montelukast,R03DC03,rxnorm_direct
14749,Lercanidipine hydrochloride 20 mg film-coated tablets,Success,lercanidipine,C08CA13,rxnorm_direct
14799,Solifenacin succinate/tamsulosin hydrochloride Zentiva 6 mg/0.4 mg modified release tablets,Success,"solifenacin, tamsulosin",G04BD08,rxnorm_direct
14804,"VISIPAQUE 320 mg I/ml Solution for Injection, glass container and polypropylene container",Success,iodixanol,V08AB09,rxnorm_direct
15886,Salazopyrin ® 500 mg Tablets Sulfasalazine 500 mg Tablets,Success,sulfasalazine,A07EC01,rxnorm_direct
15960,"Octalbin 5% , 50 g/l, solution for infusion",Success,"albumin, human",B05AA01,manual_who_atc
16018,"Ibuprofen 5% gel, Fenbid gel, Phorpain Gel, Flexigel, Ibuprofen Pain relief gel 5% w/w",Success,ibuprofen,M01AE01,manual_who_atc
100179,Ganciclovir 500 mg powder for concentrate for solution for infusion,Success,ganciclovir,J05AB06,rxnorm_direct
100626,Bosutinib 100 mg film‑coated tablets,Success,bosutinib,L01EA04,rxnorm_direct
100689,Famotidine 40 mg film-coated tablets,Success,famotidine,A02BA03,rxnorm_direct
100725,Mirtazapine 45 mg film-coated tablets,Success,mirtazapine,N06AX11,rxnorm_direct
100999,Loperamide 2mg Tablets,Success,loperamide,A07DA03,rxnorm_direct
101803,Vensir XL 75mg prolonged release hard capsules Venlafaxine Morningside 75mg prolonged release hard capsules,Success,venlafaxine,N06AX16,rxnorm_direct
101979,Cladribine Merck 10 mg tablets,Success,cladribine,L01BB04,rxnorm_direct
