drugLabel,numADR
Lyrica 225 mg hard capsules,187
"Pregabalin SUN 100 mg Capsules, Hard",187
"Equasym XL 10 mg modified-release capsules, hard Equasym XL 20 mg modified-release capsules, hard Equasym XL 30 mg modified-release capsules, hard",150
Bosutinib 100 mg film‑coated tablets,143
"VISIPAQUE 320 mg I/ml Solution for Injection, glass container and polypropylene container",120
Targinact 5 mg/2.5 mg prolonged-release tablets,113
Isotretinoin 10 mg soft capsules,109
Targinact 20 mg/10 mg prolonged-release tablets,106
Efavirenz/Emtricitabine/Tenofovir disoproxil Glenmark 600 mg/ 200 mg/245 mg film-coated tablets,105
Vensir XL 75mg prolonged release hard capsules Venlafaxine Morningside 75mg prolonged release hard capsules,104
Sodium Valproate 100mg/ml Solution for Injection or Infusion,103
Amlodipine / Valsartan 5 mg / 80 mg film-coated tablets,103
Melatonin 1 mg/ ml oral solution,97
Oxycodone Hydrochloride 10 mg/ml solution for injection or infusion,94
"COSOPT iMulti 20 mg/ml + 5 mg/ml eye drops, solution",93
Salazopyrin ® 500 mg Tablets Sulfasalazine 500 mg Tablets,88
Ganciclovir 500 mg powder for concentrate for solution for infusion,88
Mintreleq XL 50 mg prolonged-release tablets Mintreleq XL 150 mg prolonged-release tablets Mintreleq XL 200 mg prolonged-release tablets Mintreleq XL 300 mg prolonged-release tablets Mintreleq XL 400 mg prolonged-release tablets,84
Olanzapine Glenmark 2.5 mg tablets,78
Atomoxetine 25 mg hard capsules,76
Perindopril 2 mg tablets,73
Sevredol tablets 50mg,67
Mirtazapine 45 mg film-coated tablets,64
Trileptal ® 150 mg Film-coated Tablets Trileptal ® 300 mg Film-coated Tablets Trileptal ® 600 mg Film-coated Tablets Oxcarbazepine ® 150mg Film-coated Tablets Oxcarbazepine ® 300mg Film-coated Tablets Oxcarbazepine ® 600mg Film-coated Tablets,62
PARIET 20 mg gastro-resistant tablet.,59
Solifenacin succinate/tamsulosin hydrochloride Zentiva 6 mg/0.4 mg modified release tablets,59
Adenosine 30 mg/10 ml solution for infusion,57
Labetalol 200 mg Film-coated Tablets,54
Deximune 25 mg soft capsules,52
Testavan 20 mg/g Transdermal gel,52
Montelukast 5 mg chewable tablets,52
Famotidine 40 mg film-coated tablets,47
Sotalol 80mg Tablets,46
INSPRA 25 mg film-coated tablets.,44
Amoxicillin 250mg Capsules,38
Fesoterodine fumarate 4 mg prolonged-release tablets,38
Loperamide 2mg Tablets,38
"Primovist 0.25 mmol/ml, solution for injection, pre-filled syringe or Gadoxetate disodium 0.25 mmol/ml, solution for injection, pre-filled syringe",35
Budelin® Novolizer® 200 micrograms per actuation inhalation powder,33
Lercanidipine hydrochloride 20 mg film-coated tablets,30
Coagadex 500 IU powder and solvent for solution for injection.,26
"Ibuprofen 5% gel, Fenbid gel, Phorpain Gel, Flexigel, Ibuprofen Pain relief gel 5% w/w",26
Nurofen Joint & Muscular Pain Relief 200mg Medicated Plaster,25
Zeposia 0.23 mg hard capsules Zeposia 0.46 mg hard capsules Zeposia 0.92 mg hard capsules,22
"Nurofen for Children Strawberry Baby Nurofen for Children 3 months to 9 years Strawberry Nurofen for Children Cold, Pain and Fever Strawberry Flavour 100 mg/5 ml Oral Suspension",21
"Octalbin 5% , 50 g/l, solution for infusion",21
Riluzole 50 mg film-coated tablets,20
Cladribine Merck 10 mg tablets,13
Gentisone HC Ear Drops. Gentamicin 0.3% w/v and Hydrocortisone acetate 1% w/v Ear Drops,9
"Aspire Allergy Relief 2% w/v eye drops, Solution (eye drops) Optrex Allergy 2%w/v Eye Drops, Solution (eye drops) EM Pharma Allergy Relief 2%w/v Eye Drops, Solution (eye drops)",2
