drugLabel,adrLabel,soc
Adenosine 30 mg/10 ml solution for infusion,av block,Cardiac Disorders
Adenosine 30 mg/10 ml solution for infusion,dizziness,Nervous System Disorders
Adenosine 30 mg/10 ml solution for infusion,dry mouth,Gastrointestinal Disorders
Adenosine 30 mg/10 ml solution for infusion,hypotension,Cardiac Disorders
Adenosine 30 mg/10 ml solution for infusion,jaw discomfort,General Disorders and Administration Site Conditions
Adenosine 30 mg/10 ml solution for infusion,light-headedness,Nervous System Disorders
Adenosine 30 mg/10 ml solution for infusion,neck discomfort,General Disorders and Administration Site Conditions
Adenosine 30 mg/10 ml solution for infusion,non-sustained ventricular tachycardia,Cardiac Disorders
Adenosine 30 mg/10 ml solution for infusion,paraesthesia,Nervous System Disorders
Adenosine 30 mg/10 ml solution for infusion,st segment depression,Cardiac Disorders
Adenosine 30 mg/10 ml solution for infusion,sustained ventricular tachycardia,Cardiac Disorders
Adenosine 30 mg/10 ml solution for infusion,throat discomfort,General Disorders and Administration Site Conditions
Amlodipine / Valsartan 5 mg / 80 mg film-coated tablets,ankle swelling,Musculoskeletal and Connective Tissue Disorders
Amlodipine / Valsartan 5 mg / 80 mg film-coated tablets,asthenia,General Disorders and Administration Site Conditions
Amlodipine / Valsartan 5 mg / 80 mg film-coated tablets,dizziness,Nervous System Disorders
Amlodipine / Valsartan 5 mg / 80 mg film-coated tablets,facial oedema,Not Known
Amlodipine / Valsartan 5 mg / 80 mg film-coated tablets,fatigue,General Disorders and Administration Site Conditions
Amlodipine / Valsartan 5 mg / 80 mg film-coated tablets,flushing,Vascular Disorders
Amlodipine / Valsartan 5 mg / 80 mg film-coated tablets,headache,Nervous System Disorders
Amlodipine / Valsartan 5 mg / 80 mg film-coated tablets,hot flush,General Disorders and Administration Site Conditions
Amlodipine / Valsartan 5 mg / 80 mg film-coated tablets,influenza,Infections and Infestations
Amlodipine / Valsartan 5 mg / 80 mg film-coated tablets,nasopharyngitis,Infections and Infestations
Amlodipine / Valsartan 5 mg / 80 mg film-coated tablets,oedema,Not Known
Amlodipine / Valsartan 5 mg / 80 mg film-coated tablets,oedema peripheral,Not Known
Amlodipine / Valsartan 5 mg / 80 mg film-coated tablets,orthostatic hypotension,Vascular Disorders
Amlodipine / Valsartan 5 mg / 80 mg film-coated tablets,pitting oedema,Not Known
Amlodipine / Valsartan 5 mg / 80 mg film-coated tablets,syncope,Nervous System Disorders
Amoxicillin 250mg Capsules,diarrhoea,Gastrointestinal Disorders
Amoxicillin 250mg Capsules,nausea,Gastrointestinal Disorders
Amoxicillin 250mg Capsules,skin rash,Skin and Subcutaneous Tissue Disorders
"Aspire Allergy Relief 2% w/v eye drops, Solution (eye drops) Optrex Allergy 2%w/v Eye Drops, Solution (eye drops) EM Pharma Allergy Relief 2%w/v Eye Drops, Solution (eye drops)",transient stinging and burning,Eye Disorders
Atomoxetine 25 mg hard capsules,abdominal pain,Gastrointestinal Disorders
Atomoxetine 25 mg hard capsules,agitation,Psychiatric Disorders
Atomoxetine 25 mg hard capsules,anxiety,Psychiatric Disorders
Atomoxetine 25 mg hard capsules,appetite decreased,Metabolism and Nutrition Disorders
Atomoxetine 25 mg hard capsules,chest pain,General Disorders and Administration Site Conditions
Atomoxetine 25 mg hard capsules,constipation,Gastrointestinal Disorders
Atomoxetine 25 mg hard capsules,decreased appetite,Metabolism and Nutrition Disorders
Atomoxetine 25 mg hard capsules,depression,Psychiatric Disorders
Atomoxetine 25 mg hard capsules,dermatitis,Skin and Subcutaneous Tissue Disorders
Atomoxetine 25 mg hard capsules,dry mouth,Gastrointestinal Disorders
Atomoxetine 25 mg hard capsules,dyspepsia,Gastrointestinal Disorders
Atomoxetine 25 mg hard capsules,fatigue,General Disorders and Administration Site Conditions
Atomoxetine 25 mg hard capsules,flatulence,Gastrointestinal Disorders
Atomoxetine 25 mg hard capsules,headache,Nervous System Disorders
Atomoxetine 25 mg hard capsules,insomnia,Psychiatric Disorders
Atomoxetine 25 mg hard capsules,irritability,Psychiatric Disorders
Atomoxetine 25 mg hard capsules,lethargy,General Disorders and Administration Site Conditions
Atomoxetine 25 mg hard capsules,mood swings,Psychiatric Disorders
Atomoxetine 25 mg hard capsules,nausea,Gastrointestinal Disorders
Atomoxetine 25 mg hard capsules,pruritus,Skin and Subcutaneous Tissue Disorders
Atomoxetine 25 mg hard capsules,rash,Skin and Subcutaneous Tissue Disorders
Atomoxetine 25 mg hard capsules,somnolence,Nervous System Disorders
Atomoxetine 25 mg hard capsules,tics,Psychiatric Disorders
Atomoxetine 25 mg hard capsules,vomiting,Gastrointestinal Disorders
Atomoxetine 25 mg hard capsules,weight decreased,Metabolism and Nutrition Disorders
Bosutinib 100 mg film‑coated tablets,acne,Skin and Subcutaneous Tissue Disorders
Bosutinib 100 mg film‑coated tablets,acute kidney injury,Renal and Urinary Disorders
Bosutinib 100 mg film‑coated tablets,amylase increased,Investigations
Bosutinib 100 mg film‑coated tablets,anal haemorrhage,Gastrointestinal Disorders
Bosutinib 100 mg film‑coated tablets,atypical pneumonia,Infections and Infestations
Bosutinib 100 mg film‑coated tablets,bilirubin conjugated increased,Investigations
Bosutinib 100 mg film‑coated tablets,blood bilirubin increased,Investigations
Bosutinib 100 mg film‑coated tablets,blood bilirubin unconjugated increased,Investigations
Bosutinib 100 mg film‑coated tablets,blood creatine phosphokinase increased,Investigations
Bosutinib 100 mg film‑coated tablets,blood phosphorus decreased,Metabolism and Nutrition Disorders
Bosutinib 100 mg film‑coated tablets,blood potassium increased,Metabolism and Nutrition Disorders
Bosutinib 100 mg film‑coated tablets,blood pressure increased,Vascular Disorders
Bosutinib 100 mg film‑coated tablets,blood pressure systolic increased,Vascular Disorders
Bosutinib 100 mg film‑coated tablets,bronchitis,Infections and Infestations
Bosutinib 100 mg film‑coated tablets,chest discomfort,General Disorders and Administration Site Conditions
Bosutinib 100 mg film‑coated tablets,chest pain,General Disorders and Administration Site Conditions
Bosutinib 100 mg film‑coated tablets,dehydration,Metabolism and Nutrition Disorders
Bosutinib 100 mg film‑coated tablets,drug hypersensitivity,Immune System Disorders
Bosutinib 100 mg film‑coated tablets,dysgeusia,Nervous System Disorders
Bosutinib 100 mg film‑coated tablets,electrocardiogram qt prolonged,Investigations
Bosutinib 100 mg film‑coated tablets,essential hypertension,Vascular Disorders
Bosutinib 100 mg film‑coated tablets,gamma‑glutamyltransferase increased,Investigations
Bosutinib 100 mg film‑coated tablets,gastric haemorrhage,Gastrointestinal Disorders
Bosutinib 100 mg film‑coated tablets,gastritis,Gastrointestinal Disorders
Bosutinib 100 mg film‑coated tablets,gastrointestinal haemorrhage,Gastrointestinal Disorders
Bosutinib 100 mg film‑coated tablets,hepatic enzyme increased,Hepatobiliary Disorders
Bosutinib 100 mg film‑coated tablets,hepatic function abnormal,Hepatobiliary Disorders
Bosutinib 100 mg film‑coated tablets,hepatitis,Hepatobiliary Disorders
Bosutinib 100 mg film‑coated tablets,hepatitis toxic,Hepatobiliary Disorders
Bosutinib 100 mg film‑coated tablets,hepatotoxicity,Hepatobiliary Disorders
Bosutinib 100 mg film‑coated tablets,hyperamylasaemia,Investigations
Bosutinib 100 mg film‑coated tablets,hyperbilirubinaemia,Investigations
Bosutinib 100 mg film‑coated tablets,hyperkalaemia,Metabolism and Nutrition Disorders
Bosutinib 100 mg film‑coated tablets,hypertension,Vascular Disorders
Bosutinib 100 mg film‑coated tablets,hypertensive crisis,Vascular Disorders
Bosutinib 100 mg film‑coated tablets,hypophosphataemia,Metabolism and Nutrition Disorders
Bosutinib 100 mg film‑coated tablets,influenza,Infections and Infestations
Bosutinib 100 mg film‑coated tablets,influenza h1n1,Infections and Infestations
Bosutinib 100 mg film‑coated tablets,intestinal haemorrhage,Gastrointestinal Disorders
Bosutinib 100 mg film‑coated tablets,leukopenia,Blood and Lymphatic System Disorders
Bosutinib 100 mg film‑coated tablets,liver disorder,Hepatobiliary Disorders
Bosutinib 100 mg film‑coated tablets,liver function test abnormal,Hepatobiliary Disorders
Bosutinib 100 mg film‑coated tablets,liver function test increased,Hepatobiliary Disorders
Bosutinib 100 mg film‑coated tablets,long qt syndrome,Investigations
Bosutinib 100 mg film‑coated tablets,lower gastrointestinal haemorrhage,Gastrointestinal Disorders
Bosutinib 100 mg film‑coated tablets,myalgia,Musculoskeletal and Connective Tissue Disorders
Bosutinib 100 mg film‑coated tablets,pain,General Disorders and Administration Site Conditions
Bosutinib 100 mg film‑coated tablets,pancreatitis,Gastrointestinal Disorders
Bosutinib 100 mg film‑coated tablets,pancreatitis acute,Gastrointestinal Disorders
Bosutinib 100 mg film‑coated tablets,pericardial effusion,Cardiac Disorders
Bosutinib 100 mg film‑coated tablets,photosensitivity reaction,Skin and Subcutaneous Tissue Disorders
Bosutinib 100 mg film‑coated tablets,pneumonia,Infections and Infestations
Bosutinib 100 mg film‑coated tablets,pneumonia bacterial,Infections and Infestations
Bosutinib 100 mg film‑coated tablets,pneumonia fungal,Infections and Infestations
Bosutinib 100 mg film‑coated tablets,pneumonia necrotising,Infections and Infestations
Bosutinib 100 mg film‑coated tablets,pneumonia streptococcal,Infections and Infestations
Bosutinib 100 mg film‑coated tablets,polymorphic light eruption,Skin and Subcutaneous Tissue Disorders
Bosutinib 100 mg film‑coated tablets,pulmonary arterial hypertension,"Respiratory, Thoracic and Mediastinal Disorders"
Bosutinib 100 mg film‑coated tablets,pulmonary arterial pressure increased,"Respiratory, Thoracic and Mediastinal Disorders"
Bosutinib 100 mg film‑coated tablets,pulmonary hypertension,"Respiratory, Thoracic and Mediastinal Disorders"
Bosutinib 100 mg film‑coated tablets,rectal haemorrhage,Gastrointestinal Disorders
Bosutinib 100 mg film‑coated tablets,renal failure,Renal and Urinary Disorders
Bosutinib 100 mg film‑coated tablets,renal impairment,Renal and Urinary Disorders
Bosutinib 100 mg film‑coated tablets,respiratory failure,"Respiratory, Thoracic and Mediastinal Disorders"
Bosutinib 100 mg film‑coated tablets,tinnitus,Ear and Labyrinth Disorders
Bosutinib 100 mg film‑coated tablets,transaminases increased,Hepatobiliary Disorders
Bosutinib 100 mg film‑coated tablets,upper gastrointestinal haemorrhage,Gastrointestinal Disorders
Bosutinib 100 mg film‑coated tablets,urticaria,Skin and Subcutaneous Tissue Disorders
Bosutinib 100 mg film‑coated tablets,white blood cell count decreased,Blood and Lymphatic System Disorders
Budelin® Novolizer® 200 micrograms per actuation inhalation powder,cough,"Respiratory, Thoracic and Mediastinal Disorders"
Budelin® Novolizer® 200 micrograms per actuation inhalation powder,hoarseness,"Respiratory, Thoracic and Mediastinal Disorders"
Budelin® Novolizer® 200 micrograms per actuation inhalation powder,oral mucosal irritation,Gastrointestinal Disorders
Budelin® Novolizer® 200 micrograms per actuation inhalation powder,oropharyngeal candidiasis,Infections and Infestations
Budelin® Novolizer® 200 micrograms per actuation inhalation powder,throat irritation,"Respiratory, Thoracic and Mediastinal Disorders"
"COSOPT iMulti 20 mg/ml + 5 mg/ml eye drops, solution",abdominal pain,Gastrointestinal Disorders
"COSOPT iMulti 20 mg/ml + 5 mg/ml eye drops, solution",arrhythmia,Cardiac Disorders
"COSOPT iMulti 20 mg/ml + 5 mg/ml eye drops, solution",blepharitis,Eye Disorders
"COSOPT iMulti 20 mg/ml + 5 mg/ml eye drops, solution",blurred vision,Eye Disorders
"COSOPT iMulti 20 mg/ml + 5 mg/ml eye drops, solution",bradycardia,Cardiac Disorders
"COSOPT iMulti 20 mg/ml + 5 mg/ml eye drops, solution",burning and stinging,Eye Disorders
"COSOPT iMulti 20 mg/ml + 5 mg/ml eye drops, solution",cardiac arrest,Cardiac Disorders
"COSOPT iMulti 20 mg/ml + 5 mg/ml eye drops, solution",chest pain,Cardiac Disorders
"COSOPT iMulti 20 mg/ml + 5 mg/ml eye drops, solution",claudication,Vascular Disorders
"COSOPT iMulti 20 mg/ml + 5 mg/ml eye drops, solution",cold hands and feet,Vascular Disorders
"COSOPT iMulti 20 mg/ml + 5 mg/ml eye drops, solution",congestive heart failure,Cardiac Disorders
"COSOPT iMulti 20 mg/ml + 5 mg/ml eye drops, solution",conjunctival injection,Eye Disorders
"COSOPT iMulti 20 mg/ml + 5 mg/ml eye drops, solution",corneal erosion,Eye Disorders
"COSOPT iMulti 20 mg/ml + 5 mg/ml eye drops, solution",cough,"Respiratory, Thoracic and Mediastinal Disorders"
"COSOPT iMulti 20 mg/ml + 5 mg/ml eye drops, solution",decreased corneal sensitivity,Eye Disorders
"COSOPT iMulti 20 mg/ml + 5 mg/ml eye drops, solution",diarrhoea,Gastrointestinal Disorders
"COSOPT iMulti 20 mg/ml + 5 mg/ml eye drops, solution",dry eyes,Eye Disorders
"COSOPT iMulti 20 mg/ml + 5 mg/ml eye drops, solution",dysgeusia,Gastrointestinal Disorders
"COSOPT iMulti 20 mg/ml + 5 mg/ml eye drops, solution",heart block,Cardiac Disorders
"COSOPT iMulti 20 mg/ml + 5 mg/ml eye drops, solution",hypotension,Vascular Disorders
"COSOPT iMulti 20 mg/ml + 5 mg/ml eye drops, solution",keratitis,Eye Disorders
"COSOPT iMulti 20 mg/ml + 5 mg/ml eye drops, solution",ocular itching,Eye Disorders
"COSOPT iMulti 20 mg/ml + 5 mg/ml eye drops, solution",raynaud's phenomenon,Vascular Disorders
"COSOPT iMulti 20 mg/ml + 5 mg/ml eye drops, solution",signs and symptoms of ocular irritation,Eye Disorders
"COSOPT iMulti 20 mg/ml + 5 mg/ml eye drops, solution",sinusitis,"Respiratory, Thoracic and Mediastinal Disorders"
"COSOPT iMulti 20 mg/ml + 5 mg/ml eye drops, solution",skin rash,Skin and Subcutaneous Tissue Disorders
"COSOPT iMulti 20 mg/ml + 5 mg/ml eye drops, solution",tearing,Eye Disorders
"COSOPT iMulti 20 mg/ml + 5 mg/ml eye drops, solution",vomiting,Gastrointestinal Disorders
Cladribine Merck 10 mg tablets,alopecia,Skin and Subcutaneous Tissue Disorders
Cladribine Merck 10 mg tablets,decrease in neutrophil count,Blood and Lymphatic System Disorders
Cladribine Merck 10 mg tablets,herpes zoster,Infections and Infestations
Cladribine Merck 10 mg tablets,hypersensitivity*,Immune System Disorders
Cladribine Merck 10 mg tablets,oral herpes,Infections and Infestations
Cladribine Merck 10 mg tablets,pruritus,Immune System Disorders
Cladribine Merck 10 mg tablets,rash,Immune System Disorders
Cladribine Merck 10 mg tablets,urticaria,Immune System Disorders
Coagadex 500 IU powder and solvent for solution for injection.,back pain,Musculoskeletal and Connective Tissue Disorders
Coagadex 500 IU powder and solvent for solution for injection.,fatigue,General Disorders and Administration Site Conditions
Coagadex 500 IU powder and solvent for solution for injection.,infusion site erythema,General Disorders and Administration Site Conditions
Coagadex 500 IU powder and solvent for solution for injection.,infusion site pain,General Disorders and Administration Site Conditions
Deximune 25 mg soft capsules,abdominal discomfort/pain,Gastrointestinal Disorders
Deximune 25 mg soft capsules,acne,Skin and Subcutaneous Tissue Disorders
Deximune 25 mg soft capsules,anorexia,Metabolism and Nutrition Disorders
Deximune 25 mg soft capsules,convulsions,Nervous System Disorders
Deximune 25 mg soft capsules,diarrhoea,Gastrointestinal Disorders
Deximune 25 mg soft capsules,fatigue,General Disorders and Administration Site Conditions
Deximune 25 mg soft capsules,flushing,Vascular Disorders
Deximune 25 mg soft capsules,gingival hyperplasia,Gastrointestinal Disorders
Deximune 25 mg soft capsules,hepatic function abnormal,Hepatobiliary Disorders
Deximune 25 mg soft capsules,hyperglycaemia,Metabolism and Nutrition Disorders
Deximune 25 mg soft capsules,hyperkalaemia,Metabolism and Nutrition Disorders
Deximune 25 mg soft capsules,hypertrichosis,Skin and Subcutaneous Tissue Disorders
Deximune 25 mg soft capsules,hyperuricaemia,Metabolism and Nutrition Disorders
Deximune 25 mg soft capsules,hypomagnesaemia,Metabolism and Nutrition Disorders
Deximune 25 mg soft capsules,leucopenia,Blood and Lymphatic System Disorders
Deximune 25 mg soft capsules,muscle cramps,Musculoskeletal and Connective Tissue Disorders
Deximune 25 mg soft capsules,myalgia,Musculoskeletal and Connective Tissue Disorders
Deximune 25 mg soft capsules,nausea,Gastrointestinal Disorders
Deximune 25 mg soft capsules,paraesthesia,Nervous System Disorders
Deximune 25 mg soft capsules,peptic ulcer,Gastrointestinal Disorders
Deximune 25 mg soft capsules,pyrexia,General Disorders and Administration Site Conditions
Deximune 25 mg soft capsules,vomiting,Gastrointestinal Disorders
Efavirenz/Emtricitabine/Tenofovir disoproxil Glenmark 600 mg/ 200 mg/245 mg film-coated tablets,abdominal pain,Gastrointestinal Disorders
Efavirenz/Emtricitabine/Tenofovir disoproxil Glenmark 600 mg/ 200 mg/245 mg film-coated tablets,abnormal dreams,Psychiatric Disorders
Efavirenz/Emtricitabine/Tenofovir disoproxil Glenmark 600 mg/ 200 mg/245 mg film-coated tablets,allergic reaction,Immune System Disorders
Efavirenz/Emtricitabine/Tenofovir disoproxil Glenmark 600 mg/ 200 mg/245 mg film-coated tablets,anorexia,Gastrointestinal Disorders
Efavirenz/Emtricitabine/Tenofovir disoproxil Glenmark 600 mg/ 200 mg/245 mg film-coated tablets,anxiety,Psychiatric Disorders
Efavirenz/Emtricitabine/Tenofovir disoproxil Glenmark 600 mg/ 200 mg/245 mg film-coated tablets,cerebellar coordination and balance disturbances,Nervous System Disorders
Efavirenz/Emtricitabine/Tenofovir disoproxil Glenmark 600 mg/ 200 mg/245 mg film-coated tablets,depression,Psychiatric Disorders
Efavirenz/Emtricitabine/Tenofovir disoproxil Glenmark 600 mg/ 200 mg/245 mg film-coated tablets,disturbance in attention,Nervous System Disorders
Efavirenz/Emtricitabine/Tenofovir disoproxil Glenmark 600 mg/ 200 mg/245 mg film-coated tablets,dyspepsia,Gastrointestinal Disorders
Efavirenz/Emtricitabine/Tenofovir disoproxil Glenmark 600 mg/ 200 mg/245 mg film-coated tablets,elevated alanine aminotransferase (alt),Hepatobiliary Disorders
Efavirenz/Emtricitabine/Tenofovir disoproxil Glenmark 600 mg/ 200 mg/245 mg film-coated tablets,elevated amylase,Gastrointestinal Disorders
Efavirenz/Emtricitabine/Tenofovir disoproxil Glenmark 600 mg/ 200 mg/245 mg film-coated tablets,elevated aspartate aminotransferase (ast),Hepatobiliary Disorders
Efavirenz/Emtricitabine/Tenofovir disoproxil Glenmark 600 mg/ 200 mg/245 mg film-coated tablets,elevated gamma- glutamyltransferase (ggt),Hepatobiliary Disorders
Efavirenz/Emtricitabine/Tenofovir disoproxil Glenmark 600 mg/ 200 mg/245 mg film-coated tablets,elevated serum lipase,Gastrointestinal Disorders
Efavirenz/Emtricitabine/Tenofovir disoproxil Glenmark 600 mg/ 200 mg/245 mg film-coated tablets,fatigue,General Disorders and Administration Site Conditions
Efavirenz/Emtricitabine/Tenofovir disoproxil Glenmark 600 mg/ 200 mg/245 mg film-coated tablets,hyperglycaemia,Metabolism and Nutrition Disorders
Efavirenz/Emtricitabine/Tenofovir disoproxil Glenmark 600 mg/ 200 mg/245 mg film-coated tablets,hypertriglyceridaemia,Metabolism and Nutrition Disorders
Efavirenz/Emtricitabine/Tenofovir disoproxil Glenmark 600 mg/ 200 mg/245 mg film-coated tablets,insomnia,Psychiatric Disorders
Efavirenz/Emtricitabine/Tenofovir disoproxil Glenmark 600 mg/ 200 mg/245 mg film-coated tablets,maculopapular rash,Skin and Subcutaneous Tissue Disorders
Efavirenz/Emtricitabine/Tenofovir disoproxil Glenmark 600 mg/ 200 mg/245 mg film-coated tablets,neutropenia,Blood and Lymphatic System Disorders
Efavirenz/Emtricitabine/Tenofovir disoproxil Glenmark 600 mg/ 200 mg/245 mg film-coated tablets,pain,General Disorders and Administration Site Conditions
Efavirenz/Emtricitabine/Tenofovir disoproxil Glenmark 600 mg/ 200 mg/245 mg film-coated tablets,pruritus,Skin and Subcutaneous Tissue Disorders
Efavirenz/Emtricitabine/Tenofovir disoproxil Glenmark 600 mg/ 200 mg/245 mg film-coated tablets,pustular rash,Skin and Subcutaneous Tissue Disorders
Efavirenz/Emtricitabine/Tenofovir disoproxil Glenmark 600 mg/ 200 mg/245 mg film-coated tablets,skin discolouration,Skin and Subcutaneous Tissue Disorders
Efavirenz/Emtricitabine/Tenofovir disoproxil Glenmark 600 mg/ 200 mg/245 mg film-coated tablets,somnolence,Nervous System Disorders
Efavirenz/Emtricitabine/Tenofovir disoproxil Glenmark 600 mg/ 200 mg/245 mg film-coated tablets,urticaria,Skin and Subcutaneous Tissue Disorders
Efavirenz/Emtricitabine/Tenofovir disoproxil Glenmark 600 mg/ 200 mg/245 mg film-coated tablets,vesiculobullous rash,Skin and Subcutaneous Tissue Disorders
Efavirenz/Emtricitabine/Tenofovir disoproxil Glenmark 600 mg/ 200 mg/245 mg film-coated tablets,vomiting,Gastrointestinal Disorders
"Equasym XL 10 mg modified-release capsules, hard Equasym XL 20 mg modified-release capsules, hard Equasym XL 30 mg modified-release capsules, hard",abdominal pain,Gastrointestinal Disorders
"Equasym XL 10 mg modified-release capsules, hard Equasym XL 20 mg modified-release capsules, hard Equasym XL 30 mg modified-release capsules, hard",abnormal behaviour,Psychiatric Disorders
"Equasym XL 10 mg modified-release capsules, hard Equasym XL 20 mg modified-release capsules, hard Equasym XL 30 mg modified-release capsules, hard",affect lability,Psychiatric Disorders
"Equasym XL 10 mg modified-release capsules, hard Equasym XL 20 mg modified-release capsules, hard Equasym XL 30 mg modified-release capsules, hard",aggression,Psychiatric Disorders
"Equasym XL 10 mg modified-release capsules, hard Equasym XL 20 mg modified-release capsules, hard Equasym XL 30 mg modified-release capsules, hard",agitation,Psychiatric Disorders
"Equasym XL 10 mg modified-release capsules, hard Equasym XL 20 mg modified-release capsules, hard Equasym XL 30 mg modified-release capsules, hard",alopecia,Skin and Subcutaneous Tissue Disorders
"Equasym XL 10 mg modified-release capsules, hard Equasym XL 20 mg modified-release capsules, hard Equasym XL 30 mg modified-release capsules, hard",angina pectoris,Cardiac Disorders
"Equasym XL 10 mg modified-release capsules, hard Equasym XL 20 mg modified-release capsules, hard Equasym XL 30 mg modified-release capsules, hard",anorexia,Metabolism and Nutrition Disorders
"Equasym XL 10 mg modified-release capsules, hard Equasym XL 20 mg modified-release capsules, hard Equasym XL 30 mg modified-release capsules, hard",anxiety,Psychiatric Disorders
"Equasym XL 10 mg modified-release capsules, hard Equasym XL 20 mg modified-release capsules, hard Equasym XL 30 mg modified-release capsules, hard",arrhythmia,Cardiac Disorders
"Equasym XL 10 mg modified-release capsules, hard Equasym XL 20 mg modified-release capsules, hard Equasym XL 30 mg modified-release capsules, hard",arthralgia,Musculoskeletal and Connective Tissue Disorders
"Equasym XL 10 mg modified-release capsules, hard Equasym XL 20 mg modified-release capsules, hard Equasym XL 30 mg modified-release capsules, hard",bruxism,Psychiatric Disorders
"Equasym XL 10 mg modified-release capsules, hard Equasym XL 20 mg modified-release capsules, hard Equasym XL 30 mg modified-release capsules, hard",changes in blood pressure and heart rate,Investigations
"Equasym XL 10 mg modified-release capsules, hard Equasym XL 20 mg modified-release capsules, hard Equasym XL 30 mg modified-release capsules, hard",chest pain,Cardiac Disorders
"Equasym XL 10 mg modified-release capsules, hard Equasym XL 20 mg modified-release capsules, hard Equasym XL 30 mg modified-release capsules, hard",constipation,Gastrointestinal Disorders
"Equasym XL 10 mg modified-release capsules, hard Equasym XL 20 mg modified-release capsules, hard Equasym XL 30 mg modified-release capsules, hard",cough,"Respiratory, Thoracic and Mediastinal Disorders"
"Equasym XL 10 mg modified-release capsules, hard Equasym XL 20 mg modified-release capsules, hard Equasym XL 30 mg modified-release capsules, hard",decreased appetite,Metabolism and Nutrition Disorders
"Equasym XL 10 mg modified-release capsules, hard Equasym XL 20 mg modified-release capsules, hard Equasym XL 30 mg modified-release capsules, hard",depression,Psychiatric Disorders
"Equasym XL 10 mg modified-release capsules, hard Equasym XL 20 mg modified-release capsules, hard Equasym XL 30 mg modified-release capsules, hard",diarrhea,Gastrointestinal Disorders
"Equasym XL 10 mg modified-release capsules, hard Equasym XL 20 mg modified-release capsules, hard Equasym XL 30 mg modified-release capsules, hard",dizziness,Nervous System Disorders
"Equasym XL 10 mg modified-release capsules, hard Equasym XL 20 mg modified-release capsules, hard Equasym XL 30 mg modified-release capsules, hard",dry mouth,Gastrointestinal Disorders
"Equasym XL 10 mg modified-release capsules, hard Equasym XL 20 mg modified-release capsules, hard Equasym XL 30 mg modified-release capsules, hard",dyskinesia,Nervous System Disorders
"Equasym XL 10 mg modified-release capsules, hard Equasym XL 20 mg modified-release capsules, hard Equasym XL 30 mg modified-release capsules, hard",growth retardation,General Disorders and Administration Site Conditions
"Equasym XL 10 mg modified-release capsules, hard Equasym XL 20 mg modified-release capsules, hard Equasym XL 30 mg modified-release capsules, hard",hypertension,Vascular Disorders
"Equasym XL 10 mg modified-release capsules, hard Equasym XL 20 mg modified-release capsules, hard Equasym XL 30 mg modified-release capsules, hard",irritability,Psychiatric Disorders
"Equasym XL 10 mg modified-release capsules, hard Equasym XL 20 mg modified-release capsules, hard Equasym XL 30 mg modified-release capsules, hard",moderately reduced weight and height gain during prolonged use in children,Metabolism and Nutrition Disorders
"Equasym XL 10 mg modified-release capsules, hard Equasym XL 20 mg modified-release capsules, hard Equasym XL 30 mg modified-release capsules, hard",nasopharyngitis,Infections and Infestations
"Equasym XL 10 mg modified-release capsules, hard Equasym XL 20 mg modified-release capsules, hard Equasym XL 30 mg modified-release capsules, hard",nausea,Gastrointestinal Disorders
"Equasym XL 10 mg modified-release capsules, hard Equasym XL 20 mg modified-release capsules, hard Equasym XL 30 mg modified-release capsules, hard",palpitations,Cardiac Disorders
"Equasym XL 10 mg modified-release capsules, hard Equasym XL 20 mg modified-release capsules, hard Equasym XL 30 mg modified-release capsules, hard",psychomotor hyperactivity,Nervous System Disorders
"Equasym XL 10 mg modified-release capsules, hard Equasym XL 20 mg modified-release capsules, hard Equasym XL 30 mg modified-release capsules, hard",pyrexia,General Disorders and Administration Site Conditions
"Equasym XL 10 mg modified-release capsules, hard Equasym XL 20 mg modified-release capsules, hard Equasym XL 30 mg modified-release capsules, hard",sedation,Nervous System Disorders
"Equasym XL 10 mg modified-release capsules, hard Equasym XL 20 mg modified-release capsules, hard Equasym XL 30 mg modified-release capsules, hard",somnolence,Nervous System Disorders
"Equasym XL 10 mg modified-release capsules, hard Equasym XL 20 mg modified-release capsules, hard Equasym XL 30 mg modified-release capsules, hard",stomach discomfort,Gastrointestinal Disorders
"Equasym XL 10 mg modified-release capsules, hard Equasym XL 20 mg modified-release capsules, hard Equasym XL 30 mg modified-release capsules, hard",tachycardia,Cardiac Disorders
"Equasym XL 10 mg modified-release capsules, hard Equasym XL 20 mg modified-release capsules, hard Equasym XL 30 mg modified-release capsules, hard",vomiting,Gastrointestinal Disorders
"Equasym XL 10 mg modified-release capsules, hard Equasym XL 20 mg modified-release capsules, hard Equasym XL 30 mg modified-release capsules, hard",weight decreased,Investigations
Famotidine 40 mg film-coated tablets,constipation,Gastrointestinal Disorders
Famotidine 40 mg film-coated tablets,diarrhoea,Gastrointestinal Disorders
Famotidine 40 mg film-coated tablets,dizziness,Nervous System Disorders
Famotidine 40 mg film-coated tablets,headache,Nervous System Disorders
Fesoterodine fumarate 4 mg prolonged-release tablets,abdominal pain,Gastrointestinal Disorders
Fesoterodine fumarate 4 mg prolonged-release tablets,constipation,Gastrointestinal Disorders
Fesoterodine fumarate 4 mg prolonged-release tablets,diarrhoea,Gastrointestinal Disorders
Fesoterodine fumarate 4 mg prolonged-release tablets,dizziness,Nervous System Disorders
Fesoterodine fumarate 4 mg prolonged-release tablets,dry eye,Eye Disorders
Fesoterodine fumarate 4 mg prolonged-release tablets,dry throat,"Respiratory, Thoracic and Mediastinal Disorders"
Fesoterodine fumarate 4 mg prolonged-release tablets,dyspepsia,Gastrointestinal Disorders
Fesoterodine fumarate 4 mg prolonged-release tablets,fatigue,General Disorders and Administration Site Conditions
Fesoterodine fumarate 4 mg prolonged-release tablets,headache,Nervous System Disorders
Fesoterodine fumarate 4 mg prolonged-release tablets,insomnia,Psychiatric Disorders
Fesoterodine fumarate 4 mg prolonged-release tablets,nausea,Gastrointestinal Disorders
Ganciclovir 500 mg powder for concentrate for solution for infusion,anaemia,Blood and Lymphatic System Disorders
Ganciclovir 500 mg powder for concentrate for solution for infusion,asthenia,General Disorders and Administration Site Conditions
Ganciclovir 500 mg powder for concentrate for solution for infusion,back pain,Musculoskeletal and Connective Tissue Disorders
Ganciclovir 500 mg powder for concentrate for solution for infusion,blood alkaline phosphatase increased,Hepatobiliary Disorders
Ganciclovir 500 mg powder for concentrate for solution for infusion,blood creatinine increased,Renal and Urinary Disorders
Ganciclovir 500 mg powder for concentrate for solution for infusion,cellulitis,Infections and Infestations
Ganciclovir 500 mg powder for concentrate for solution for infusion,chills,General Disorders and Administration Site Conditions
Ganciclovir 500 mg powder for concentrate for solution for infusion,creatinine clearance renal decreased,Renal and Urinary Disorders
Ganciclovir 500 mg powder for concentrate for solution for infusion,depression,Psychiatric Disorders
Ganciclovir 500 mg powder for concentrate for solution for infusion,dyspepsia,Gastrointestinal Disorders
Ganciclovir 500 mg powder for concentrate for solution for infusion,ear pain,Ear and Labyrinth Disorders
Ganciclovir 500 mg powder for concentrate for solution for infusion,fatigue,General Disorders and Administration Site Conditions
Ganciclovir 500 mg powder for concentrate for solution for infusion,hypersensitivity,Immune System Disorders
Ganciclovir 500 mg powder for concentrate for solution for infusion,hypotension,Vascular Disorders
Ganciclovir 500 mg powder for concentrate for solution for infusion,influenza,Infections and Infestations
Ganciclovir 500 mg powder for concentrate for solution for infusion,injection site reaction,General Disorders and Administration Site Conditions
Ganciclovir 500 mg powder for concentrate for solution for infusion,insomnia,Nervous System Disorders
Ganciclovir 500 mg powder for concentrate for solution for infusion,malaise,General Disorders and Administration Site Conditions
Ganciclovir 500 mg powder for concentrate for solution for infusion,night sweats,Skin and Subcutaneous Tissue Disorders
Ganciclovir 500 mg powder for concentrate for solution for infusion,pain,General Disorders and Administration Site Conditions
Ganciclovir 500 mg powder for concentrate for solution for infusion,renal impairment,Renal and Urinary Disorders
Ganciclovir 500 mg powder for concentrate for solution for infusion,sepsis,Infections and Infestations
Ganciclovir 500 mg powder for concentrate for solution for infusion,thrombocytopenia,Blood and Lymphatic System Disorders
Ganciclovir 500 mg powder for concentrate for solution for infusion,upper respiratory tract infection,Infections and Infestations
Ganciclovir 500 mg powder for concentrate for solution for infusion,urinary tract infection,Infections and Infestations
Ganciclovir 500 mg powder for concentrate for solution for infusion,visual impairment,Eye Disorders
Ganciclovir 500 mg powder for concentrate for solution for infusion,weight decreased,Metabolism and Nutrition Disorders
INSPRA 25 mg film-coated tablets.,asthenia,General Disorders and Administration Site Conditions
INSPRA 25 mg film-coated tablets.,back pain,Musculoskeletal and Connective Tissue Disorders
INSPRA 25 mg film-coated tablets.,blood creatinine increased,Investigations
INSPRA 25 mg film-coated tablets.,blood urea increased,Investigations
INSPRA 25 mg film-coated tablets.,constipation,Gastrointestinal Disorders
INSPRA 25 mg film-coated tablets.,cough,"Respiratory, Thoracic and Mediastinal Disorders"
INSPRA 25 mg film-coated tablets.,diarrhoea,Gastrointestinal Disorders
INSPRA 25 mg film-coated tablets.,hyperkalaemia,Metabolism and Nutrition Disorders
INSPRA 25 mg film-coated tablets.,hypotension,Vascular Disorders
INSPRA 25 mg film-coated tablets.,insomnia,Psychiatric Disorders
INSPRA 25 mg film-coated tablets.,left ventricular failure,Cardiac Disorders
INSPRA 25 mg film-coated tablets.,malaise,General Disorders and Administration Site Conditions
INSPRA 25 mg film-coated tablets.,muscle spasms,Musculoskeletal and Connective Tissue Disorders
INSPRA 25 mg film-coated tablets.,nausea,Gastrointestinal Disorders
INSPRA 25 mg film-coated tablets.,pruritus,Skin and Subcutaneous Tissue Disorders
INSPRA 25 mg film-coated tablets.,rash,Skin and Subcutaneous Tissue Disorders
INSPRA 25 mg film-coated tablets.,renal impairment,Renal and Urinary Disorders
INSPRA 25 mg film-coated tablets.,vomiting,Gastrointestinal Disorders
Isotretinoin 10 mg soft capsules,anaemia,Blood and Lymphatic System Disorders
Isotretinoin 10 mg soft capsules,arthralgia,Musculoskeletal and Connective Tissue Disorders
Isotretinoin 10 mg soft capsules,back pain,Musculoskeletal and Connective Tissue Disorders
Isotretinoin 10 mg soft capsules,blepharitis,Eye Disorders
Isotretinoin 10 mg soft capsules,blood cholesterol increased,Investigations
Isotretinoin 10 mg soft capsules,blood glucose increased,Investigations
Isotretinoin 10 mg soft capsules,blood triglycerides increased,Investigations
Isotretinoin 10 mg soft capsules,cheilitis,Skin and Subcutaneous Tissue Disorders
Isotretinoin 10 mg soft capsules,conjunctivitis,Eye Disorders
Isotretinoin 10 mg soft capsules,dermatitis,Skin and Subcutaneous Tissue Disorders
Isotretinoin 10 mg soft capsules,dry eye,Eye Disorders
Isotretinoin 10 mg soft capsules,dry skin,Skin and Subcutaneous Tissue Disorders
Isotretinoin 10 mg soft capsules,epistaxis,"Respiratory, Thoracic and Mediastinal Disorders"
Isotretinoin 10 mg soft capsules,eye irritation,Eye Disorders
Isotretinoin 10 mg soft capsules,headache,Nervous System Disorders
Isotretinoin 10 mg soft capsules,high density lipoprotein decreased,Investigations
Isotretinoin 10 mg soft capsules,localised exfoliation,Skin and Subcutaneous Tissue Disorders
Isotretinoin 10 mg soft capsules,myalgia,Musculoskeletal and Connective Tissue Disorders
Isotretinoin 10 mg soft capsules,nasal dryness,"Respiratory, Thoracic and Mediastinal Disorders"
Isotretinoin 10 mg soft capsules,nasopharyngitis,"Respiratory, Thoracic and Mediastinal Disorders"
Isotretinoin 10 mg soft capsules,pruritus,Skin and Subcutaneous Tissue Disorders
Isotretinoin 10 mg soft capsules,rash erythematous,Skin and Subcutaneous Tissue Disorders
Isotretinoin 10 mg soft capsules,red blood cell sedimentation rate increased,Blood and Lymphatic System Disorders
Isotretinoin 10 mg soft capsules,skin fragility (risk of frictional trauma),Skin and Subcutaneous Tissue Disorders
Isotretinoin 10 mg soft capsules,thrombocytopenia,Blood and Lymphatic System Disorders
Isotretinoin 10 mg soft capsules,thrombocytosis,Blood and Lymphatic System Disorders
Isotretinoin 10 mg soft capsules,transaminase increased,Hepatobiliary Disorders
Labetalol 200 mg Film-coated Tablets,difficulty in micturition,Renal and Urinary Disorders
Labetalol 200 mg Film-coated Tablets,dizziness,Nervous System Disorders
Labetalol 200 mg Film-coated Tablets,drug fever,General Disorders and Administration Site Conditions
Labetalol 200 mg Film-coated Tablets,ejaculatory failure,Reproductive System and Breast Disorders
Labetalol 200 mg Film-coated Tablets,erectile dysfunction,Reproductive System and Breast Disorders
Labetalol 200 mg Film-coated Tablets,heart failure,Cardiac Disorders
Labetalol 200 mg Film-coated Tablets,"hypersensitivity (rash, pruritus, angioedema and dyspnoea)",Immune System Disorders
Labetalol 200 mg Film-coated Tablets,raised liver function tests,Hepatobiliary Disorders
Labetalol 200 mg Film-coated Tablets,tingling sensation in scalp,Skin and Subcutaneous Tissue Disorders
Lercanidipine hydrochloride 20 mg film-coated tablets,flushing,Vascular Disorders
Lercanidipine hydrochloride 20 mg film-coated tablets,headache,Nervous System Disorders
Lercanidipine hydrochloride 20 mg film-coated tablets,oedema peripheral,General Disorders and Administration Site Conditions
Lercanidipine hydrochloride 20 mg film-coated tablets,palpitations,Cardiac Disorders
Lercanidipine hydrochloride 20 mg film-coated tablets,tachycardia,Cardiac Disorders
Loperamide 2mg Tablets,constipation,Gastrointestinal Disorders
Loperamide 2mg Tablets,flatulence,Gastrointestinal Disorders
Loperamide 2mg Tablets,headache,Nervous System Disorders
Loperamide 2mg Tablets,nausea,Gastrointestinal Disorders
Lyrica 225 mg hard capsules,abdominal distension,Gastrointestinal Disorders
Lyrica 225 mg hard capsules,amnesia,Nervous System Disorders
Lyrica 225 mg hard capsules,appetite increased,Metabolism and Nutrition Disorders
Lyrica 225 mg hard capsules,arthralgia,Musculoskeletal and Connective Tissue Disorders
Lyrica 225 mg hard capsules,ataxia,Nervous System Disorders
Lyrica 225 mg hard capsules,back pain,Musculoskeletal and Connective Tissue Disorders
Lyrica 225 mg hard capsules,balance disorder,Nervous System Disorders
Lyrica 225 mg hard capsules,cervical spasm,Musculoskeletal and Connective Tissue Disorders
Lyrica 225 mg hard capsules,confusion,Psychiatric Disorders
Lyrica 225 mg hard capsules,constipation,Gastrointestinal Disorders
Lyrica 225 mg hard capsules,coordination abnormal,Nervous System Disorders
Lyrica 225 mg hard capsules,diarrhoea,Gastrointestinal Disorders
Lyrica 225 mg hard capsules,diplopia,Eye Disorders
Lyrica 225 mg hard capsules,disorientation,Psychiatric Disorders
Lyrica 225 mg hard capsules,disturbance in attention,Nervous System Disorders
Lyrica 225 mg hard capsules,dry mouth,Gastrointestinal Disorders
Lyrica 225 mg hard capsules,dysarthria,Nervous System Disorders
Lyrica 225 mg hard capsules,erectile dysfunction,Reproductive System and Breast Disorders
Lyrica 225 mg hard capsules,euphoric mood,Psychiatric Disorders
Lyrica 225 mg hard capsules,fall,General Disorders and Administration Site Conditions
Lyrica 225 mg hard capsules,fatigue,General Disorders and Administration Site Conditions
Lyrica 225 mg hard capsules,feeling abnormal,General Disorders and Administration Site Conditions
Lyrica 225 mg hard capsules,feeling drunk,General Disorders and Administration Site Conditions
Lyrica 225 mg hard capsules,flatulence,Gastrointestinal Disorders
Lyrica 225 mg hard capsules,gait abnormal,General Disorders and Administration Site Conditions
Lyrica 225 mg hard capsules,hypoaesthesia,Nervous System Disorders
Lyrica 225 mg hard capsules,insomnia,Psychiatric Disorders
Lyrica 225 mg hard capsules,irritability,Psychiatric Disorders
Lyrica 225 mg hard capsules,lethargy,Nervous System Disorders
Lyrica 225 mg hard capsules,libido decreased,Psychiatric Disorders
Lyrica 225 mg hard capsules,memory impairment,Nervous System Disorders
Lyrica 225 mg hard capsules,muscle cramp,Musculoskeletal and Connective Tissue Disorders
Lyrica 225 mg hard capsules,nasopharyngitis,Infections and Infestations
Lyrica 225 mg hard capsules,nausea,Gastrointestinal Disorders
Lyrica 225 mg hard capsules,oedema,General Disorders and Administration Site Conditions
Lyrica 225 mg hard capsules,oedema peripheral,General Disorders and Administration Site Conditions
Lyrica 225 mg hard capsules,pain in limb,Musculoskeletal and Connective Tissue Disorders
Lyrica 225 mg hard capsules,paraesthesia,Nervous System Disorders
Lyrica 225 mg hard capsules,sedation,Nervous System Disorders
Lyrica 225 mg hard capsules,tremor,Nervous System Disorders
Lyrica 225 mg hard capsules,vertigo,Ear and Labyrinth Disorders
Lyrica 225 mg hard capsules,vision blurred,Eye Disorders
Lyrica 225 mg hard capsules,vomiting,Gastrointestinal Disorders
Lyrica 225 mg hard capsules,weight increased,Investigations
Melatonin 1 mg/ ml oral solution,dizziness,Not Known
Melatonin 1 mg/ ml oral solution,drowsiness,Not Known
Melatonin 1 mg/ ml oral solution,nausea,Not Known
Mintreleq XL 50 mg prolonged-release tablets Mintreleq XL 150 mg prolonged-release tablets Mintreleq XL 200 mg prolonged-release tablets Mintreleq XL 300 mg prolonged-release tablets Mintreleq XL 400 mg prolonged-release tablets,abnormal dreams and nightmares,Psychiatric Disorders
Mintreleq XL 50 mg prolonged-release tablets Mintreleq XL 150 mg prolonged-release tablets Mintreleq XL 200 mg prolonged-release tablets Mintreleq XL 300 mg prolonged-release tablets Mintreleq XL 400 mg prolonged-release tablets,blood glucose increased to hyper-glycaemic levels,Metabolism and Nutrition Disorders
Mintreleq XL 50 mg prolonged-release tablets Mintreleq XL 150 mg prolonged-release tablets Mintreleq XL 200 mg prolonged-release tablets Mintreleq XL 300 mg prolonged-release tablets Mintreleq XL 400 mg prolonged-release tablets,constipation,Gastrointestinal Disorders
Mintreleq XL 50 mg prolonged-release tablets Mintreleq XL 150 mg prolonged-release tablets Mintreleq XL 200 mg prolonged-release tablets Mintreleq XL 300 mg prolonged-release tablets Mintreleq XL 400 mg prolonged-release tablets,decreased haemoglobin,Blood and Lymphatic System Disorders
Mintreleq XL 50 mg prolonged-release tablets Mintreleq XL 150 mg prolonged-release tablets Mintreleq XL 200 mg prolonged-release tablets Mintreleq XL 300 mg prolonged-release tablets Mintreleq XL 400 mg prolonged-release tablets,decreases in hdl cholesterol,Metabolism and Nutrition Disorders
Mintreleq XL 50 mg prolonged-release tablets Mintreleq XL 150 mg prolonged-release tablets Mintreleq XL 200 mg prolonged-release tablets Mintreleq XL 300 mg prolonged-release tablets Mintreleq XL 400 mg prolonged-release tablets,dizziness,Nervous System Disorders
Mintreleq XL 50 mg prolonged-release tablets Mintreleq XL 150 mg prolonged-release tablets Mintreleq XL 200 mg prolonged-release tablets Mintreleq XL 300 mg prolonged-release tablets Mintreleq XL 400 mg prolonged-release tablets,dry mouth,Gastrointestinal Disorders
Mintreleq XL 50 mg prolonged-release tablets Mintreleq XL 150 mg prolonged-release tablets Mintreleq XL 200 mg prolonged-release tablets Mintreleq XL 300 mg prolonged-release tablets Mintreleq XL 400 mg prolonged-release tablets,dyspepsia,Gastrointestinal Disorders
Mintreleq XL 50 mg prolonged-release tablets Mintreleq XL 150 mg prolonged-release tablets Mintreleq XL 200 mg prolonged-release tablets Mintreleq XL 300 mg prolonged-release tablets Mintreleq XL 400 mg prolonged-release tablets,elevations in serum triglyceride levels,Metabolism and Nutrition Disorders
Mintreleq XL 50 mg prolonged-release tablets Mintreleq XL 150 mg prolonged-release tablets Mintreleq XL 200 mg prolonged-release tablets Mintreleq XL 300 mg prolonged-release tablets Mintreleq XL 400 mg prolonged-release tablets,elevations in total cholesterol (predominantly ldl cholesterol),Metabolism and Nutrition Disorders
Mintreleq XL 50 mg prolonged-release tablets Mintreleq XL 150 mg prolonged-release tablets Mintreleq XL 200 mg prolonged-release tablets Mintreleq XL 300 mg prolonged-release tablets Mintreleq XL 400 mg prolonged-release tablets,extrapyramidal symptoms,Nervous System Disorders
Mintreleq XL 50 mg prolonged-release tablets Mintreleq XL 150 mg prolonged-release tablets Mintreleq XL 200 mg prolonged-release tablets Mintreleq XL 300 mg prolonged-release tablets Mintreleq XL 400 mg prolonged-release tablets,headache,Nervous System Disorders
Mintreleq XL 50 mg prolonged-release tablets Mintreleq XL 150 mg prolonged-release tablets Mintreleq XL 200 mg prolonged-release tablets Mintreleq XL 300 mg prolonged-release tablets Mintreleq XL 400 mg prolonged-release tablets,increased appetite,Metabolism and Nutrition Disorders
Mintreleq XL 50 mg prolonged-release tablets Mintreleq XL 150 mg prolonged-release tablets Mintreleq XL 200 mg prolonged-release tablets Mintreleq XL 300 mg prolonged-release tablets Mintreleq XL 400 mg prolonged-release tablets,orthostatic hypotension,Vascular Disorders
Mintreleq XL 50 mg prolonged-release tablets Mintreleq XL 150 mg prolonged-release tablets Mintreleq XL 200 mg prolonged-release tablets Mintreleq XL 300 mg prolonged-release tablets Mintreleq XL 400 mg prolonged-release tablets,suicidal ideation and suicidal behaviour,Psychiatric Disorders
Mintreleq XL 50 mg prolonged-release tablets Mintreleq XL 150 mg prolonged-release tablets Mintreleq XL 200 mg prolonged-release tablets Mintreleq XL 300 mg prolonged-release tablets Mintreleq XL 400 mg prolonged-release tablets,vomiting,Gastrointestinal Disorders
Mintreleq XL 50 mg prolonged-release tablets Mintreleq XL 150 mg prolonged-release tablets Mintreleq XL 200 mg prolonged-release tablets Mintreleq XL 300 mg prolonged-release tablets Mintreleq XL 400 mg prolonged-release tablets,weight gain,Metabolism and Nutrition Disorders
Mintreleq XL 50 mg prolonged-release tablets Mintreleq XL 150 mg prolonged-release tablets Mintreleq XL 200 mg prolonged-release tablets Mintreleq XL 300 mg prolonged-release tablets Mintreleq XL 400 mg prolonged-release tablets,withdrawal (discontinuation) symptoms,General Disorders and Administration Site Conditions
Mirtazapine 45 mg film-coated tablets,abnormal dreams,Psychiatric Disorders
Mirtazapine 45 mg film-coated tablets,anxiety,Psychiatric Disorders
Mirtazapine 45 mg film-coated tablets,confusion,Psychiatric Disorders
Mirtazapine 45 mg film-coated tablets,constipation,Gastrointestinal Disorders
Mirtazapine 45 mg film-coated tablets,diarrhea,Gastrointestinal Disorders
Mirtazapine 45 mg film-coated tablets,exanthema,Skin and Subcutaneous Tissue Disorders
Mirtazapine 45 mg film-coated tablets,hypertriglyceridaemia,Metabolism and Nutrition Disorders
Mirtazapine 45 mg film-coated tablets,hypotension,Vascular Disorders
Mirtazapine 45 mg film-coated tablets,insomnia,Psychiatric Disorders
Mirtazapine 45 mg film-coated tablets,nausea,Gastrointestinal Disorders
Mirtazapine 45 mg film-coated tablets,oedema peripheral,General Disorders and Administration Site Conditions
Mirtazapine 45 mg film-coated tablets,orthostatic hypotension,Vascular Disorders
Mirtazapine 45 mg film-coated tablets,urticaria,Skin and Subcutaneous Tissue Disorders
Mirtazapine 45 mg film-coated tablets,vomiting,Gastrointestinal Disorders
Mirtazapine 45 mg film-coated tablets,weight gain,Metabolism and Nutrition Disorders
Montelukast 5 mg chewable tablets,abdominal pain,Gastrointestinal Disorders
Montelukast 5 mg chewable tablets,diarrhoea,Gastrointestinal Disorders
Montelukast 5 mg chewable tablets,"elevated levels of serum transaminases (alt, ast)",Hepatobiliary Disorders
Montelukast 5 mg chewable tablets,headache,Nervous System Disorders
Montelukast 5 mg chewable tablets,nausea,Gastrointestinal Disorders
Montelukast 5 mg chewable tablets,pyrexia,General Disorders and Administration Site Conditions
Montelukast 5 mg chewable tablets,rash,Skin and Subcutaneous Tissue Disorders
Montelukast 5 mg chewable tablets,vomiting,Gastrointestinal Disorders
"Nurofen for Children Strawberry Baby Nurofen for Children 3 months to 9 years Strawberry Nurofen for Children Cold, Pain and Fever Strawberry Flavour 100 mg/5 ml Oral Suspension",fluid retention,Cardiac Disorders
"Nurofen for Children Strawberry Baby Nurofen for Children 3 months to 9 years Strawberry Nurofen for Children Cold, Pain and Fever Strawberry Flavour 100 mg/5 ml Oral Suspension",hypertension,Cardiac Disorders
"Nurofen for Children Strawberry Baby Nurofen for Children 3 months to 9 years Strawberry Nurofen for Children Cold, Pain and Fever Strawberry Flavour 100 mg/5 ml Oral Suspension",oedema,Cardiac Disorders
Olanzapine Glenmark 2.5 mg tablets,cholesterol,Metabolism and Nutrition Disorders
Olanzapine Glenmark 2.5 mg tablets,elevated prolactin,Not Known
Olanzapine Glenmark 2.5 mg tablets,eosinophilia,Blood and Lymphatic System Disorders
Olanzapine Glenmark 2.5 mg tablets,erythema,Not Known
Olanzapine Glenmark 2.5 mg tablets,glucose,Metabolism and Nutrition Disorders
Olanzapine Glenmark 2.5 mg tablets,increased body temperature,Not Known
Olanzapine Glenmark 2.5 mg tablets,lethargy,Not Known
Olanzapine Glenmark 2.5 mg tablets,leukopenia,Blood and Lymphatic System Disorders
Olanzapine Glenmark 2.5 mg tablets,neutropenia,Blood and Lymphatic System Disorders
Olanzapine Glenmark 2.5 mg tablets,pneumonia,Not Known
Olanzapine Glenmark 2.5 mg tablets,triglyceride levels,Metabolism and Nutrition Disorders
Olanzapine Glenmark 2.5 mg tablets,visual hallucinations,Not Known
Oxycodone Hydrochloride 10 mg/ml solution for injection or infusion,abdominal pain,Gastrointestinal Disorders
Oxycodone Hydrochloride 10 mg/ml solution for injection or infusion,abnormal dreams,Psychiatric Disorders
Oxycodone Hydrochloride 10 mg/ml solution for injection or infusion,abnormal thinking,Psychiatric Disorders
Oxycodone Hydrochloride 10 mg/ml solution for injection or infusion,anxiety,Psychiatric Disorders
Oxycodone Hydrochloride 10 mg/ml solution for injection or infusion,asthenia,General Disorders and Administration Site Conditions
Oxycodone Hydrochloride 10 mg/ml solution for injection or infusion,bronchospasm,"Respiratory, Thoracic and Mediastinal Disorders"
Oxycodone Hydrochloride 10 mg/ml solution for injection or infusion,confusional state,Psychiatric Disorders
Oxycodone Hydrochloride 10 mg/ml solution for injection or infusion,cough decreased,"Respiratory, Thoracic and Mediastinal Disorders"
Oxycodone Hydrochloride 10 mg/ml solution for injection or infusion,decreased appetite,Metabolism and Nutrition Disorders
Oxycodone Hydrochloride 10 mg/ml solution for injection or infusion,depression,Psychiatric Disorders
Oxycodone Hydrochloride 10 mg/ml solution for injection or infusion,diarrhoea,Gastrointestinal Disorders
Oxycodone Hydrochloride 10 mg/ml solution for injection or infusion,dry mouth,Gastrointestinal Disorders
Oxycodone Hydrochloride 10 mg/ml solution for injection or infusion,dyspepsia,Gastrointestinal Disorders
Oxycodone Hydrochloride 10 mg/ml solution for injection or infusion,dyspnoea,"Respiratory, Thoracic and Mediastinal Disorders"
Oxycodone Hydrochloride 10 mg/ml solution for injection or infusion,fatigue,General Disorders and Administration Site Conditions
Oxycodone Hydrochloride 10 mg/ml solution for injection or infusion,hyperhidrosis,Skin and Subcutaneous Tissue Disorders
Oxycodone Hydrochloride 10 mg/ml solution for injection or infusion,insomnia,Psychiatric Disorders
Oxycodone Hydrochloride 10 mg/ml solution for injection or infusion,lethargy,Nervous System Disorders
Oxycodone Hydrochloride 10 mg/ml solution for injection or infusion,nervousness,Psychiatric Disorders
Oxycodone Hydrochloride 10 mg/ml solution for injection or infusion,rash,Skin and Subcutaneous Tissue Disorders
Oxycodone Hydrochloride 10 mg/ml solution for injection or infusion,sedation,Nervous System Disorders
Oxycodone Hydrochloride 10 mg/ml solution for injection or infusion,tremor,Nervous System Disorders
PARIET 20 mg gastro-resistant tablet.,abdominal pain,Gastrointestinal Disorders
PARIET 20 mg gastro-resistant tablet.,asthenia,General Disorders and Administration Site Conditions
PARIET 20 mg gastro-resistant tablet.,diarrhoea,Gastrointestinal Disorders
PARIET 20 mg gastro-resistant tablet.,dry mouth,Gastrointestinal Disorders
PARIET 20 mg gastro-resistant tablet.,flatulence,Gastrointestinal Disorders
PARIET 20 mg gastro-resistant tablet.,headache,Nervous System Disorders
PARIET 20 mg gastro-resistant tablet.,infection,Infections and Infestations
PARIET 20 mg gastro-resistant tablet.,rash,Skin and Subcutaneous Tissue Disorders
Perindopril 2 mg tablets,abdominal pain,Gastrointestinal Disorders
Perindopril 2 mg tablets,asthenia,General Disorders and Administration Site Conditions
Perindopril 2 mg tablets,constipation,Gastrointestinal Disorders
Perindopril 2 mg tablets,cough,"Respiratory, Thoracic and Mediastinal Disorders"
Perindopril 2 mg tablets,diarrhoea,Gastrointestinal Disorders
Perindopril 2 mg tablets,dizziness,Nervous System Disorders
Perindopril 2 mg tablets,dysgeusia,Gastrointestinal Disorders
Perindopril 2 mg tablets,dyspepsia,Gastrointestinal Disorders
Perindopril 2 mg tablets,dyspnoea,"Respiratory, Thoracic and Mediastinal Disorders"
Perindopril 2 mg tablets,headache,Nervous System Disorders
Perindopril 2 mg tablets,hypotension (and effects related to hypotension),Vascular Disorders
Perindopril 2 mg tablets,muscle cramps,Musculoskeletal and Connective Tissue Disorders
Perindopril 2 mg tablets,nausea,Gastrointestinal Disorders
Perindopril 2 mg tablets,paraesthesia,Nervous System Disorders
Perindopril 2 mg tablets,prurit,Skin and Subcutaneous Tissue Disorders
Perindopril 2 mg tablets,rash,Skin and Subcutaneous Tissue Disorders
Perindopril 2 mg tablets,tinnitus,Ear and Labyrinth Disorders
Perindopril 2 mg tablets,vertigo,Nervous System Disorders
Perindopril 2 mg tablets,visual disturbances,Eye Disorders
Perindopril 2 mg tablets,vomiting,Gastrointestinal Disorders
"Pregabalin SUN 100 mg Capsules, Hard",abdominal distension,Gastrointestinal Disorders
"Pregabalin SUN 100 mg Capsules, Hard",amnesia,Nervous System Disorders
"Pregabalin SUN 100 mg Capsules, Hard",appetite increased,Metabolism and Nutrition Disorders
"Pregabalin SUN 100 mg Capsules, Hard",arthralgia,Musculoskeletal and Connective Tissue Disorders
"Pregabalin SUN 100 mg Capsules, Hard",ataxia,Nervous System Disorders
"Pregabalin SUN 100 mg Capsules, Hard",back pain,Musculoskeletal and Connective Tissue Disorders
"Pregabalin SUN 100 mg Capsules, Hard",balance disorder,Nervous System Disorders
"Pregabalin SUN 100 mg Capsules, Hard",cervical spasm,Musculoskeletal and Connective Tissue Disorders
"Pregabalin SUN 100 mg Capsules, Hard",confusion,Psychiatric Disorders
"Pregabalin SUN 100 mg Capsules, Hard",constipation,Gastrointestinal Disorders
"Pregabalin SUN 100 mg Capsules, Hard",coordination abnormal,Nervous System Disorders
"Pregabalin SUN 100 mg Capsules, Hard",diarrhoea,Gastrointestinal Disorders
"Pregabalin SUN 100 mg Capsules, Hard",diplopia,Eye Disorders
"Pregabalin SUN 100 mg Capsules, Hard",disorientation,Psychiatric Disorders
"Pregabalin SUN 100 mg Capsules, Hard",disturbance in attention,Nervous System Disorders
"Pregabalin SUN 100 mg Capsules, Hard",dry mouth,Gastrointestinal Disorders
"Pregabalin SUN 100 mg Capsules, Hard",dysarthria,Nervous System Disorders
"Pregabalin SUN 100 mg Capsules, Hard",erectile dysfunction,Reproductive System and Breast Disorders
"Pregabalin SUN 100 mg Capsules, Hard",euphoric mood,Psychiatric Disorders
"Pregabalin SUN 100 mg Capsules, Hard",fall,General Disorders and Administration Site Conditions
"Pregabalin SUN 100 mg Capsules, Hard",fatigue,General Disorders and Administration Site Conditions
"Pregabalin SUN 100 mg Capsules, Hard",feeling abnormal,General Disorders and Administration Site Conditions
"Pregabalin SUN 100 mg Capsules, Hard",feeling drunk,General Disorders and Administration Site Conditions
"Pregabalin SUN 100 mg Capsules, Hard",flatulence,Gastrointestinal Disorders
"Pregabalin SUN 100 mg Capsules, Hard",gait abnormal,General Disorders and Administration Site Conditions
"Pregabalin SUN 100 mg Capsules, Hard",hypoaesthesia,Nervous System Disorders
"Pregabalin SUN 100 mg Capsules, Hard",insomnia,Psychiatric Disorders
"Pregabalin SUN 100 mg Capsules, Hard",irritability,Psychiatric Disorders
"Pregabalin SUN 100 mg Capsules, Hard",lethargy,Nervous System Disorders
"Pregabalin SUN 100 mg Capsules, Hard",libido decreased,Psychiatric Disorders
"Pregabalin SUN 100 mg Capsules, Hard",memory impairment,Nervous System Disorders
"Pregabalin SUN 100 mg Capsules, Hard",muscle cramp,Musculoskeletal and Connective Tissue Disorders
"Pregabalin SUN 100 mg Capsules, Hard",nasopharyngitis,Infections and Infestations
"Pregabalin SUN 100 mg Capsules, Hard",nausea,Gastrointestinal Disorders
"Pregabalin SUN 100 mg Capsules, Hard",oedema,General Disorders and Administration Site Conditions
"Pregabalin SUN 100 mg Capsules, Hard",oedema peripheral,General Disorders and Administration Site Conditions
"Pregabalin SUN 100 mg Capsules, Hard",pain in limb,Musculoskeletal and Connective Tissue Disorders
"Pregabalin SUN 100 mg Capsules, Hard",paraesthesia,Nervous System Disorders
"Pregabalin SUN 100 mg Capsules, Hard",sedation,Nervous System Disorders
"Pregabalin SUN 100 mg Capsules, Hard",tremor,Nervous System Disorders
"Pregabalin SUN 100 mg Capsules, Hard",vertigo,Ear and Labyrinth Disorders
"Pregabalin SUN 100 mg Capsules, Hard",vision blurred,Eye Disorders
"Pregabalin SUN 100 mg Capsules, Hard",vomiting,Gastrointestinal Disorders
"Pregabalin SUN 100 mg Capsules, Hard",weight increased,Investigations
"Primovist 0.25 mmol/ml, solution for injection, pre-filled syringe or Gadoxetate disodium 0.25 mmol/ml, solution for injection, pre-filled syringe",back pain,Musculoskeletal and Connective Tissue Disorders
"Primovist 0.25 mmol/ml, solution for injection, pre-filled syringe or Gadoxetate disodium 0.25 mmol/ml, solution for injection, pre-filled syringe",blood pressure increased,Vascular Disorders
"Primovist 0.25 mmol/ml, solution for injection, pre-filled syringe or Gadoxetate disodium 0.25 mmol/ml, solution for injection, pre-filled syringe",chills,General Disorders and Administration Site Conditions
"Primovist 0.25 mmol/ml, solution for injection, pre-filled syringe or Gadoxetate disodium 0.25 mmol/ml, solution for injection, pre-filled syringe",dizziness,Nervous System Disorders
"Primovist 0.25 mmol/ml, solution for injection, pre-filled syringe or Gadoxetate disodium 0.25 mmol/ml, solution for injection, pre-filled syringe",fatigue,General Disorders and Administration Site Conditions
"Primovist 0.25 mmol/ml, solution for injection, pre-filled syringe or Gadoxetate disodium 0.25 mmol/ml, solution for injection, pre-filled syringe",feeling abnormal,General Disorders and Administration Site Conditions
"Primovist 0.25 mmol/ml, solution for injection, pre-filled syringe or Gadoxetate disodium 0.25 mmol/ml, solution for injection, pre-filled syringe",feeling hot,General Disorders and Administration Site Conditions
"Primovist 0.25 mmol/ml, solution for injection, pre-filled syringe or Gadoxetate disodium 0.25 mmol/ml, solution for injection, pre-filled syringe",headache,Nervous System Disorders
"Primovist 0.25 mmol/ml, solution for injection, pre-filled syringe or Gadoxetate disodium 0.25 mmol/ml, solution for injection, pre-filled syringe",nausea,Gastrointestinal Disorders
Riluzole 50 mg film-coated tablets,abdominal pain,Gastrointestinal Disorders
Riluzole 50 mg film-coated tablets,diarrhoea,Gastrointestinal Disorders
Riluzole 50 mg film-coated tablets,pain,General Disorders and Administration Site Conditions
Riluzole 50 mg film-coated tablets,vomiting,Gastrointestinal Disorders
Salazopyrin ® 500 mg Tablets Sulfasalazine 500 mg Tablets,abdominal pain,Gastrointestinal Disorders
Salazopyrin ® 500 mg Tablets Sulfasalazine 500 mg Tablets,arthralgia,Musculoskeletal and Connective Tissue Disorders
Salazopyrin ® 500 mg Tablets Sulfasalazine 500 mg Tablets,cough,"Respiratory, Thoracic and Mediastinal Disorders"
Salazopyrin ® 500 mg Tablets Sulfasalazine 500 mg Tablets,diarrhoea,Gastrointestinal Disorders
Salazopyrin ® 500 mg Tablets Sulfasalazine 500 mg Tablets,dizziness,Nervous System Disorders
Salazopyrin ® 500 mg Tablets Sulfasalazine 500 mg Tablets,fever,General Disorders and Administration Site Conditions
Salazopyrin ® 500 mg Tablets Sulfasalazine 500 mg Tablets,headache,Nervous System Disorders
Salazopyrin ® 500 mg Tablets Sulfasalazine 500 mg Tablets,insomnia,Psychiatric Disorders
Salazopyrin ® 500 mg Tablets Sulfasalazine 500 mg Tablets,leukopenia,Blood and Lymphatic System Disorders
Salazopyrin ® 500 mg Tablets Sulfasalazine 500 mg Tablets,proteinuria,Renal and Urinary Disorders
Salazopyrin ® 500 mg Tablets Sulfasalazine 500 mg Tablets,pruritus,Skin and Subcutaneous Tissue Disorders
Salazopyrin ® 500 mg Tablets Sulfasalazine 500 mg Tablets,purpura,Skin and Subcutaneous Tissue Disorders
Salazopyrin ® 500 mg Tablets Sulfasalazine 500 mg Tablets,stomatitis,Gastrointestinal Disorders
Salazopyrin ® 500 mg Tablets Sulfasalazine 500 mg Tablets,taste disorders,Nervous System Disorders
Salazopyrin ® 500 mg Tablets Sulfasalazine 500 mg Tablets,tinnitus,Ear and Labyrinth Disorders
Salazopyrin ® 500 mg Tablets Sulfasalazine 500 mg Tablets,vomiting,Gastrointestinal Disorders
Sevredol tablets 50mg,constipation,Gastrointestinal Disorders
Sevredol tablets 50mg,drowsiness,Nervous System Disorders
Sevredol tablets 50mg,nausea,Gastrointestinal Disorders
Sevredol tablets 50mg,vomiting,Gastrointestinal Disorders
Sodium Valproate 100mg/ml Solution for Injection or Infusion,aggression,Psychiatric Disorders
Sodium Valproate 100mg/ml Solution for Injection or Infusion,agitation,Psychiatric Disorders
Sodium Valproate 100mg/ml Solution for Injection or Infusion,anaemia,Blood and Lymphatic System Disorders
Sodium Valproate 100mg/ml Solution for Injection or Infusion,confusional state,Psychiatric Disorders
Sodium Valproate 100mg/ml Solution for Injection or Infusion,convulsion,Nervous System Disorders
Sodium Valproate 100mg/ml Solution for Injection or Infusion,deafness,Ear and Labyrinth Disorders
Sodium Valproate 100mg/ml Solution for Injection or Infusion,diarrhoea,Gastrointestinal Disorders
Sodium Valproate 100mg/ml Solution for Injection or Infusion,disturbance in attention,Psychiatric Disorders
Sodium Valproate 100mg/ml Solution for Injection or Infusion,dizziness,Nervous System Disorders
Sodium Valproate 100mg/ml Solution for Injection or Infusion,dysmenorrhea,Reproductive System and Breast Disorders
Sodium Valproate 100mg/ml Solution for Injection or Infusion,extrapyramidal disorder,Nervous System Disorders
Sodium Valproate 100mg/ml Solution for Injection or Infusion,gastralgia,Gastrointestinal Disorders
Sodium Valproate 100mg/ml Solution for Injection or Infusion,gingival disorder,Gastrointestinal Disorders
Sodium Valproate 100mg/ml Solution for Injection or Infusion,gingival hyperplasia,Gastrointestinal Disorders
Sodium Valproate 100mg/ml Solution for Injection or Infusion,haemorrhage,Vascular Disorders
Sodium Valproate 100mg/ml Solution for Injection or Infusion,headache,Nervous System Disorders
Sodium Valproate 100mg/ml Solution for Injection or Infusion,hepatic failure,Hepatobiliary Disorders
Sodium Valproate 100mg/ml Solution for Injection or Infusion,hypersensitivity,Skin and Subcutaneous Tissue Disorders
Sodium Valproate 100mg/ml Solution for Injection or Infusion,hyponatraemia,Metabolism and Nutrition Disorders
Sodium Valproate 100mg/ml Solution for Injection or Infusion,increased liver enzymes,Hepatobiliary Disorders
Sodium Valproate 100mg/ml Solution for Injection or Infusion,liver injury,Hepatobiliary Disorders
Sodium Valproate 100mg/ml Solution for Injection or Infusion,memory impairment,Nervous System Disorders
Sodium Valproate 100mg/ml Solution for Injection or Infusion,nail and nail bed disorders,Skin and Subcutaneous Tissue Disorders
Sodium Valproate 100mg/ml Solution for Injection or Infusion,nystagmus,Nervous System Disorders
Sodium Valproate 100mg/ml Solution for Injection or Infusion,severe liver damage,Hepatobiliary Disorders
Sodium Valproate 100mg/ml Solution for Injection or Infusion,somnolence,Nervous System Disorders
Sodium Valproate 100mg/ml Solution for Injection or Infusion,stomatitis,Gastrointestinal Disorders
Sodium Valproate 100mg/ml Solution for Injection or Infusion,stupor,Nervous System Disorders
Sodium Valproate 100mg/ml Solution for Injection or Infusion,thrombocytopenia,Blood and Lymphatic System Disorders
Sodium Valproate 100mg/ml Solution for Injection or Infusion,transient and/or dose related alopecia,Skin and Subcutaneous Tissue Disorders
Sodium Valproate 100mg/ml Solution for Injection or Infusion,urinary incontinence,Renal and Urinary Disorders
Sodium Valproate 100mg/ml Solution for Injection or Infusion,vomiting,Gastrointestinal Disorders
Sodium Valproate 100mg/ml Solution for Injection or Infusion,weight increased,Metabolism and Nutrition Disorders
Solifenacin succinate/tamsulosin hydrochloride Zentiva 6 mg/0.4 mg modified release tablets,constipation,Gastrointestinal Disorders
Solifenacin succinate/tamsulosin hydrochloride Zentiva 6 mg/0.4 mg modified release tablets,dizziness,Nervous System Disorders
Solifenacin succinate/tamsulosin hydrochloride Zentiva 6 mg/0.4 mg modified release tablets,dry mouth,Gastrointestinal Disorders
Solifenacin succinate/tamsulosin hydrochloride Zentiva 6 mg/0.4 mg modified release tablets,dyspepsia,Gastrointestinal Disorders
Solifenacin succinate/tamsulosin hydrochloride Zentiva 6 mg/0.4 mg modified release tablets,ejaculation disorders including retrograde ejaculation and ejaculation failure,Reproductive System and Breast Disorders
Solifenacin succinate/tamsulosin hydrochloride Zentiva 6 mg/0.4 mg modified release tablets,fatigue,General Disorders and Administration Site Conditions
Solifenacin succinate/tamsulosin hydrochloride Zentiva 6 mg/0.4 mg modified release tablets,vision blurred,Eye Disorders
Sotalol 80mg Tablets,abdominal pain,Gastrointestinal Disorders
Sotalol 80mg Tablets,anxiety,Psychiatric Disorders
Sotalol 80mg Tablets,arrhythmia,Cardiac Disorders
Sotalol 80mg Tablets,asthenia,Nervous System Disorders
Sotalol 80mg Tablets,bradycardia,Cardiac Disorders
Sotalol 80mg Tablets,bradycardia (<50 bpm),Cardiac Disorders
Sotalol 80mg Tablets,cardiac failure,Cardiac Disorders
Sotalol 80mg Tablets,chest pain,Cardiac Disorders
Sotalol 80mg Tablets,depression,Psychiatric Disorders
Sotalol 80mg Tablets,diarrhoea,Gastrointestinal Disorders
Sotalol 80mg Tablets,dizziness,Nervous System Disorders
Sotalol 80mg Tablets,dysgeusia,Nervous System Disorders
Sotalol 80mg Tablets,dyspepsia,Gastrointestinal Disorders
Sotalol 80mg Tablets,dyspnoea,Cardiac Disorders
Sotalol 80mg Tablets,ecg abnormalities,Cardiac Disorders
Sotalol 80mg Tablets,excessive bradycardia,Cardiac Disorders
Sotalol 80mg Tablets,fatigue,General Disorders and Administration Site Conditions
Sotalol 80mg Tablets,fever,General Disorders and Administration Site Conditions
Sotalol 80mg Tablets,flatulence,Gastrointestinal Disorders
Sotalol 80mg Tablets,headache,Nervous System Disorders
Sotalol 80mg Tablets,hearing disturbances,Ear and Labyrinth Disorders
Sotalol 80mg Tablets,hypotension,Cardiac Disorders
Sotalol 80mg Tablets,light-headedness,Nervous System Disorders
Sotalol 80mg Tablets,mood altered,Psychiatric Disorders
Sotalol 80mg Tablets,muscle spasms,Musculoskeletal and Connective Tissue Disorders
Sotalol 80mg Tablets,nausea,Gastrointestinal Disorders
Sotalol 80mg Tablets,oedema,Cardiac Disorders
Sotalol 80mg Tablets,palpitations,Cardiac Disorders
Sotalol 80mg Tablets,paraesthesia,Nervous System Disorders
Sotalol 80mg Tablets,presyncope,Cardiac Disorders
Sotalol 80mg Tablets,proarrythmia,Cardiac Disorders
Sotalol 80mg Tablets,pyrexia,General Disorders and Administration Site Conditions
Sotalol 80mg Tablets,rash,Skin and Subcutaneous Tissue Disorders
Sotalol 80mg Tablets,sexual dysfunction,Reproductive System and Breast Disorders
Sotalol 80mg Tablets,sleep disorder,Psychiatric Disorders
Sotalol 80mg Tablets,syncope,Cardiac Disorders
Sotalol 80mg Tablets,visual disturbances,Eye Disorders
Sotalol 80mg Tablets,vomiting,Gastrointestinal Disorders
Targinact 20 mg/10 mg prolonged-release tablets,abdominal pain,Gastrointestinal Disorders
Targinact 20 mg/10 mg prolonged-release tablets,altered mood and personality change,Psychiatric Disorders
Targinact 20 mg/10 mg prolonged-release tablets,asthenia,General Disorders and Administration Site Conditions
Targinact 20 mg/10 mg prolonged-release tablets,constipation,Gastrointestinal Disorders
Targinact 20 mg/10 mg prolonged-release tablets,decreased activity,Psychiatric Disorders
Targinact 20 mg/10 mg prolonged-release tablets,decreased appetite up to loss of appetite,Metabolism and Nutrition Disorders
Targinact 20 mg/10 mg prolonged-release tablets,depression,Psychiatric Disorders
Targinact 20 mg/10 mg prolonged-release tablets,diarrhoea,Gastrointestinal Disorders
Targinact 20 mg/10 mg prolonged-release tablets,dizziness,Nervous System Disorders
Targinact 20 mg/10 mg prolonged-release tablets,dry mouth,Gastrointestinal Disorders
Targinact 20 mg/10 mg prolonged-release tablets,dyspepsia,Gastrointestinal Disorders
Targinact 20 mg/10 mg prolonged-release tablets,dysuria,Renal and Urinary Disorders
Targinact 20 mg/10 mg prolonged-release tablets,fatigue,General Disorders and Administration Site Conditions
Targinact 20 mg/10 mg prolonged-release tablets,flatulence,Gastrointestinal Disorders
Targinact 20 mg/10 mg prolonged-release tablets,headache,Nervous System Disorders
Targinact 20 mg/10 mg prolonged-release tablets,"hepatic enzymes increased (alanine aminotransferase increased, gamma-glutamyltransferase increased)",Hepatobiliary Disorders
Targinact 20 mg/10 mg prolonged-release tablets,hiccups,Gastrointestinal Disorders
Targinact 20 mg/10 mg prolonged-release tablets,hot flush,Vascular Disorders
Targinact 20 mg/10 mg prolonged-release tablets,hyperhidrosis,Skin and Subcutaneous Tissue Disorders
Targinact 20 mg/10 mg prolonged-release tablets,insomnia,Psychiatric Disorders
Targinact 20 mg/10 mg prolonged-release tablets,nausea,Gastrointestinal Disorders
Targinact 20 mg/10 mg prolonged-release tablets,paraesthesia,Nervous System Disorders
Targinact 20 mg/10 mg prolonged-release tablets,pruritus,Skin and Subcutaneous Tissue Disorders
Targinact 20 mg/10 mg prolonged-release tablets,psychomotor hyperactivity,Psychiatric Disorders
Targinact 20 mg/10 mg prolonged-release tablets,skin reactions,Skin and Subcutaneous Tissue Disorders
Targinact 20 mg/10 mg prolonged-release tablets,somnolence,Nervous System Disorders
Targinact 20 mg/10 mg prolonged-release tablets,vertigo,Ear and Labyrinth Disorders
Targinact 20 mg/10 mg prolonged-release tablets,vomiting,Gastrointestinal Disorders
Targinact 5 mg/2.5 mg prolonged-release tablets,abdominal pain,Gastrointestinal Disorders
Targinact 5 mg/2.5 mg prolonged-release tablets,altered mood and personality change,Psychiatric Disorders
Targinact 5 mg/2.5 mg prolonged-release tablets,asthenia,General Disorders and Administration Site Conditions
Targinact 5 mg/2.5 mg prolonged-release tablets,constipation,Gastrointestinal Disorders
Targinact 5 mg/2.5 mg prolonged-release tablets,decreased activity,Psychiatric Disorders
Targinact 5 mg/2.5 mg prolonged-release tablets,decreased appetite up to loss of appetite,Metabolism and Nutrition Disorders
Targinact 5 mg/2.5 mg prolonged-release tablets,depression,Psychiatric Disorders
Targinact 5 mg/2.5 mg prolonged-release tablets,diarrhoea,Gastrointestinal Disorders
Targinact 5 mg/2.5 mg prolonged-release tablets,dizziness,Nervous System Disorders
Targinact 5 mg/2.5 mg prolonged-release tablets,dry mouth,Gastrointestinal Disorders
Targinact 5 mg/2.5 mg prolonged-release tablets,dyspepsia,Gastrointestinal Disorders
Targinact 5 mg/2.5 mg prolonged-release tablets,dysuria,Renal and Urinary Disorders
Targinact 5 mg/2.5 mg prolonged-release tablets,fatigue,General Disorders and Administration Site Conditions
Targinact 5 mg/2.5 mg prolonged-release tablets,flatulence,Gastrointestinal Disorders
Targinact 5 mg/2.5 mg prolonged-release tablets,headache,Nervous System Disorders
Targinact 5 mg/2.5 mg prolonged-release tablets,"hepatic enzymes increased (alanine aminotransferase increased, gamma-glutamyltransferase increased)",Hepatobiliary Disorders
Targinact 5 mg/2.5 mg prolonged-release tablets,hiccups,Gastrointestinal Disorders
Targinact 5 mg/2.5 mg prolonged-release tablets,hot flush,Vascular Disorders
Targinact 5 mg/2.5 mg prolonged-release tablets,hyperhidrosis,Skin and Subcutaneous Tissue Disorders
Targinact 5 mg/2.5 mg prolonged-release tablets,insomnia,Psychiatric Disorders
Targinact 5 mg/2.5 mg prolonged-release tablets,nausea,Gastrointestinal Disorders
Targinact 5 mg/2.5 mg prolonged-release tablets,paraesthesia,Nervous System Disorders
Targinact 5 mg/2.5 mg prolonged-release tablets,pruritus,Skin and Subcutaneous Tissue Disorders
Targinact 5 mg/2.5 mg prolonged-release tablets,psychomotor hyperactivity,Psychiatric Disorders
Targinact 5 mg/2.5 mg prolonged-release tablets,skin reactions,Skin and Subcutaneous Tissue Disorders
Targinact 5 mg/2.5 mg prolonged-release tablets,somnolence,Nervous System Disorders
Targinact 5 mg/2.5 mg prolonged-release tablets,vertigo,Ear and Labyrinth Disorders
Targinact 5 mg/2.5 mg prolonged-release tablets,vomiting,Gastrointestinal Disorders
Testavan 20 mg/g Transdermal gel,"application site reaction (including rash, erythema, pruritus, dermatitis, dryness, and skin irritation)",General Disorders and Administration Site Conditions
Trileptal ® 150 mg Film-coated Tablets Trileptal ® 300 mg Film-coated Tablets Trileptal ® 600 mg Film-coated Tablets Oxcarbazepine ® 150mg Film-coated Tablets Oxcarbazepine ® 300mg Film-coated Tablets Oxcarbazepine ® 600mg Film-coated Tablets,abdominal pain,Gastrointestinal Disorders
Trileptal ® 150 mg Film-coated Tablets Trileptal ® 300 mg Film-coated Tablets Trileptal ® 600 mg Film-coated Tablets Oxcarbazepine ® 150mg Film-coated Tablets Oxcarbazepine ® 300mg Film-coated Tablets Oxcarbazepine ® 600mg Film-coated Tablets,acne,Skin and Subcutaneous Tissue Disorders
Trileptal ® 150 mg Film-coated Tablets Trileptal ® 300 mg Film-coated Tablets Trileptal ® 600 mg Film-coated Tablets Oxcarbazepine ® 150mg Film-coated Tablets Oxcarbazepine ® 300mg Film-coated Tablets Oxcarbazepine ® 600mg Film-coated Tablets,affect lability,Psychiatric Disorders
Trileptal ® 150 mg Film-coated Tablets Trileptal ® 300 mg Film-coated Tablets Trileptal ® 600 mg Film-coated Tablets Oxcarbazepine ® 150mg Film-coated Tablets Oxcarbazepine ® 300mg Film-coated Tablets Oxcarbazepine ® 600mg Film-coated Tablets,agitation,Psychiatric Disorders
Trileptal ® 150 mg Film-coated Tablets Trileptal ® 300 mg Film-coated Tablets Trileptal ® 600 mg Film-coated Tablets Oxcarbazepine ® 150mg Film-coated Tablets Oxcarbazepine ® 300mg Film-coated Tablets Oxcarbazepine ® 600mg Film-coated Tablets,alopecia,Skin and Subcutaneous Tissue Disorders
Trileptal ® 150 mg Film-coated Tablets Trileptal ® 300 mg Film-coated Tablets Trileptal ® 600 mg Film-coated Tablets Oxcarbazepine ® 150mg Film-coated Tablets Oxcarbazepine ® 300mg Film-coated Tablets Oxcarbazepine ® 600mg Film-coated Tablets,amnesia,Nervous System Disorders
Trileptal ® 150 mg Film-coated Tablets Trileptal ® 300 mg Film-coated Tablets Trileptal ® 600 mg Film-coated Tablets Oxcarbazepine ® 150mg Film-coated Tablets Oxcarbazepine ® 300mg Film-coated Tablets Oxcarbazepine ® 600mg Film-coated Tablets,apathy,Psychiatric Disorders
Trileptal ® 150 mg Film-coated Tablets Trileptal ® 300 mg Film-coated Tablets Trileptal ® 600 mg Film-coated Tablets Oxcarbazepine ® 150mg Film-coated Tablets Oxcarbazepine ® 300mg Film-coated Tablets Oxcarbazepine ® 600mg Film-coated Tablets,asthenia,General Disorders and Administration Site Conditions
Trileptal ® 150 mg Film-coated Tablets Trileptal ® 300 mg Film-coated Tablets Trileptal ® 600 mg Film-coated Tablets Oxcarbazepine ® 150mg Film-coated Tablets Oxcarbazepine ® 300mg Film-coated Tablets Oxcarbazepine ® 600mg Film-coated Tablets,ataxia,Nervous System Disorders
Trileptal ® 150 mg Film-coated Tablets Trileptal ® 300 mg Film-coated Tablets Trileptal ® 600 mg Film-coated Tablets Oxcarbazepine ® 150mg Film-coated Tablets Oxcarbazepine ® 300mg Film-coated Tablets Oxcarbazepine ® 600mg Film-coated Tablets,confusional state,Psychiatric Disorders
Trileptal ® 150 mg Film-coated Tablets Trileptal ® 300 mg Film-coated Tablets Trileptal ® 600 mg Film-coated Tablets Oxcarbazepine ® 150mg Film-coated Tablets Oxcarbazepine ® 300mg Film-coated Tablets Oxcarbazepine ® 600mg Film-coated Tablets,constipation,Gastrointestinal Disorders
Trileptal ® 150 mg Film-coated Tablets Trileptal ® 300 mg Film-coated Tablets Trileptal ® 600 mg Film-coated Tablets Oxcarbazepine ® 150mg Film-coated Tablets Oxcarbazepine ® 300mg Film-coated Tablets Oxcarbazepine ® 600mg Film-coated Tablets,depression,Psychiatric Disorders
Trileptal ® 150 mg Film-coated Tablets Trileptal ® 300 mg Film-coated Tablets Trileptal ® 600 mg Film-coated Tablets Oxcarbazepine ® 150mg Film-coated Tablets Oxcarbazepine ® 300mg Film-coated Tablets Oxcarbazepine ® 600mg Film-coated Tablets,diarrhoea,Gastrointestinal Disorders
Trileptal ® 150 mg Film-coated Tablets Trileptal ® 300 mg Film-coated Tablets Trileptal ® 600 mg Film-coated Tablets Oxcarbazepine ® 150mg Film-coated Tablets Oxcarbazepine ® 300mg Film-coated Tablets Oxcarbazepine ® 600mg Film-coated Tablets,disturbance in attention,Nervous System Disorders
Trileptal ® 150 mg Film-coated Tablets Trileptal ® 300 mg Film-coated Tablets Trileptal ® 600 mg Film-coated Tablets Oxcarbazepine ® 150mg Film-coated Tablets Oxcarbazepine ® 300mg Film-coated Tablets Oxcarbazepine ® 600mg Film-coated Tablets,hyponatraemia,Metabolism and Nutrition Disorders
Trileptal ® 150 mg Film-coated Tablets Trileptal ® 300 mg Film-coated Tablets Trileptal ® 600 mg Film-coated Tablets Oxcarbazepine ® 150mg Film-coated Tablets Oxcarbazepine ® 300mg Film-coated Tablets Oxcarbazepine ® 600mg Film-coated Tablets,nystagmus,Nervous System Disorders
Trileptal ® 150 mg Film-coated Tablets Trileptal ® 300 mg Film-coated Tablets Trileptal ® 600 mg Film-coated Tablets Oxcarbazepine ® 150mg Film-coated Tablets Oxcarbazepine ® 300mg Film-coated Tablets Oxcarbazepine ® 600mg Film-coated Tablets,rash,Skin and Subcutaneous Tissue Disorders
Trileptal ® 150 mg Film-coated Tablets Trileptal ® 300 mg Film-coated Tablets Trileptal ® 600 mg Film-coated Tablets Oxcarbazepine ® 150mg Film-coated Tablets Oxcarbazepine ® 300mg Film-coated Tablets Oxcarbazepine ® 600mg Film-coated Tablets,speech disorders,Nervous System Disorders
Trileptal ® 150 mg Film-coated Tablets Trileptal ® 300 mg Film-coated Tablets Trileptal ® 600 mg Film-coated Tablets Oxcarbazepine ® 150mg Film-coated Tablets Oxcarbazepine ® 300mg Film-coated Tablets Oxcarbazepine ® 600mg Film-coated Tablets,tremor,Nervous System Disorders
Trileptal ® 150 mg Film-coated Tablets Trileptal ® 300 mg Film-coated Tablets Trileptal ® 600 mg Film-coated Tablets Oxcarbazepine ® 150mg Film-coated Tablets Oxcarbazepine ® 300mg Film-coated Tablets Oxcarbazepine ® 600mg Film-coated Tablets,vertigo,Ear and Labyrinth Disorders
Trileptal ® 150 mg Film-coated Tablets Trileptal ® 300 mg Film-coated Tablets Trileptal ® 600 mg Film-coated Tablets Oxcarbazepine ® 150mg Film-coated Tablets Oxcarbazepine ® 300mg Film-coated Tablets Oxcarbazepine ® 600mg Film-coated Tablets,vision blurred,Eye Disorders
Trileptal ® 150 mg Film-coated Tablets Trileptal ® 300 mg Film-coated Tablets Trileptal ® 600 mg Film-coated Tablets Oxcarbazepine ® 150mg Film-coated Tablets Oxcarbazepine ® 300mg Film-coated Tablets Oxcarbazepine ® 600mg Film-coated Tablets,visual disturbance,Eye Disorders
Trileptal ® 150 mg Film-coated Tablets Trileptal ® 300 mg Film-coated Tablets Trileptal ® 600 mg Film-coated Tablets Oxcarbazepine ® 150mg Film-coated Tablets Oxcarbazepine ® 300mg Film-coated Tablets Oxcarbazepine ® 600mg Film-coated Tablets,weight increased,Endocrine Disorders
"VISIPAQUE 320 mg I/ml Solution for Injection, glass container and polypropylene container",abdominal pain,Gastrointestinal Disorders
"VISIPAQUE 320 mg I/ml Solution for Injection, glass container and polypropylene container",headache,Nervous System Disorders
"VISIPAQUE 320 mg I/ml Solution for Injection, glass container and polypropylene container",injection site pain,General Disorders and Administration Site Conditions
Vensir XL 75mg prolonged release hard capsules Venlafaxine Morningside 75mg prolonged release hard capsules,abnormal dreams,Psychiatric Disorders
Vensir XL 75mg prolonged release hard capsules Venlafaxine Morningside 75mg prolonged release hard capsules,agitation*,Psychiatric Disorders
Vensir XL 75mg prolonged release hard capsules Venlafaxine Morningside 75mg prolonged release hard capsules,alopecia*,Skin and Subcutaneous Tissue Disorders
Vensir XL 75mg prolonged release hard capsules Venlafaxine Morningside 75mg prolonged release hard capsules,angioedema*,Skin and Subcutaneous Tissue Disorders
Vensir XL 75mg prolonged release hard capsules Venlafaxine Morningside 75mg prolonged release hard capsules,anorgasmia,Psychiatric Disorders
Vensir XL 75mg prolonged release hard capsules Venlafaxine Morningside 75mg prolonged release hard capsules,asthenia,General Disorders and Administration Site Conditions
Vensir XL 75mg prolonged release hard capsules Venlafaxine Morningside 75mg prolonged release hard capsules,blood cholesterol increased,Investigations
Vensir XL 75mg prolonged release hard capsules Venlafaxine Morningside 75mg prolonged release hard capsules,chills*,General Disorders and Administration Site Conditions
Vensir XL 75mg prolonged release hard capsules Venlafaxine Morningside 75mg prolonged release hard capsules,confusional state*,Psychiatric Disorders
Vensir XL 75mg prolonged release hard capsules Venlafaxine Morningside 75mg prolonged release hard capsules,constipation,Gastrointestinal Disorders
Vensir XL 75mg prolonged release hard capsules Venlafaxine Morningside 75mg prolonged release hard capsules,decreased appetite,Metabolism and Nutrition Disorders
Vensir XL 75mg prolonged release hard capsules Venlafaxine Morningside 75mg prolonged release hard capsules,depersonalization*,Psychiatric Disorders
Vensir XL 75mg prolonged release hard capsules Venlafaxine Morningside 75mg prolonged release hard capsules,diarrhoea*,Gastrointestinal Disorders
Vensir XL 75mg prolonged release hard capsules Venlafaxine Morningside 75mg prolonged release hard capsules,dizziness,Nervous System Disorders
Vensir XL 75mg prolonged release hard capsules Venlafaxine Morningside 75mg prolonged release hard capsules,dyspnoea*,"Respiratory, Thoracic and Mediastinal Disorders"
Vensir XL 75mg prolonged release hard capsules Venlafaxine Morningside 75mg prolonged release hard capsules,ecchymosis,Skin and Subcutaneous Tissue Disorders
Vensir XL 75mg prolonged release hard capsules Venlafaxine Morningside 75mg prolonged release hard capsules,fatigue,General Disorders and Administration Site Conditions
Vensir XL 75mg prolonged release hard capsules Venlafaxine Morningside 75mg prolonged release hard capsules,hot flush,Vascular Disorders
Vensir XL 75mg prolonged release hard capsules Venlafaxine Morningside 75mg prolonged release hard capsules,hyperhidrosis* (including night sweats),Skin and Subcutaneous Tissue Disorders
Vensir XL 75mg prolonged release hard capsules Venlafaxine Morningside 75mg prolonged release hard capsules,hypertension,Vascular Disorders
Vensir XL 75mg prolonged release hard capsules Venlafaxine Morningside 75mg prolonged release hard capsules,libido decreased,Psychiatric Disorders
Vensir XL 75mg prolonged release hard capsules Venlafaxine Morningside 75mg prolonged release hard capsules,nervousness,Psychiatric Disorders
Vensir XL 75mg prolonged release hard capsules Venlafaxine Morningside 75mg prolonged release hard capsules,palpitations*,Cardiac Disorders
Vensir XL 75mg prolonged release hard capsules Venlafaxine Morningside 75mg prolonged release hard capsules,photosensitivity reaction,Skin and Subcutaneous Tissue Disorders
Vensir XL 75mg prolonged release hard capsules Venlafaxine Morningside 75mg prolonged release hard capsules,pruritus*,Skin and Subcutaneous Tissue Disorders
Vensir XL 75mg prolonged release hard capsules Venlafaxine Morningside 75mg prolonged release hard capsules,rash,Skin and Subcutaneous Tissue Disorders
Vensir XL 75mg prolonged release hard capsules Venlafaxine Morningside 75mg prolonged release hard capsules,sedation,Nervous System Disorders
Vensir XL 75mg prolonged release hard capsules Venlafaxine Morningside 75mg prolonged release hard capsules,tachycardia,Cardiac Disorders
Vensir XL 75mg prolonged release hard capsules Venlafaxine Morningside 75mg prolonged release hard capsules,"urinary hesitation), urinary retention, pollakiuria*",Renal and Urinary Disorders
Vensir XL 75mg prolonged release hard capsules Venlafaxine Morningside 75mg prolonged release hard capsules,urticaria*,Skin and Subcutaneous Tissue Disorders
Vensir XL 75mg prolonged release hard capsules Venlafaxine Morningside 75mg prolonged release hard capsules,vomiting,Gastrointestinal Disorders
Vensir XL 75mg prolonged release hard capsules Venlafaxine Morningside 75mg prolonged release hard capsules,weight decreased,Investigations
Vensir XL 75mg prolonged release hard capsules Venlafaxine Morningside 75mg prolonged release hard capsules,weight increased,Investigations
Vensir XL 75mg prolonged release hard capsules Venlafaxine Morningside 75mg prolonged release hard capsules,yawning,"Respiratory, Thoracic and Mediastinal Disorders"
Zeposia 0.23 mg hard capsules Zeposia 0.46 mg hard capsules Zeposia 0.92 mg hard capsules,alanine aminotransferase increased,Hepatobiliary Disorders
Zeposia 0.23 mg hard capsules Zeposia 0.46 mg hard capsules Zeposia 0.92 mg hard capsules,blood bilirubin increased,Hepatobiliary Disorders
Zeposia 0.23 mg hard capsules Zeposia 0.46 mg hard capsules Zeposia 0.92 mg hard capsules,bradycardia,Cardiac Disorders
Zeposia 0.23 mg hard capsules Zeposia 0.46 mg hard capsules Zeposia 0.92 mg hard capsules,gamma-glutamyl transferase increased,Hepatobiliary Disorders
Zeposia 0.23 mg hard capsules Zeposia 0.46 mg hard capsules Zeposia 0.92 mg hard capsules,headache,Nervous System Disorders
Zeposia 0.23 mg hard capsules Zeposia 0.46 mg hard capsules Zeposia 0.92 mg hard capsules,herpes simplex,Infections and Infestations
Zeposia 0.23 mg hard capsules Zeposia 0.46 mg hard capsules Zeposia 0.92 mg hard capsules,herpes zoster,Infections and Infestations
Zeposia 0.23 mg hard capsules Zeposia 0.46 mg hard capsules Zeposia 0.92 mg hard capsules,hypertension,Vascular Disorders
Zeposia 0.23 mg hard capsules Zeposia 0.46 mg hard capsules Zeposia 0.92 mg hard capsules,orthostatic hypotension,Vascular Disorders
Zeposia 0.23 mg hard capsules Zeposia 0.46 mg hard capsules Zeposia 0.92 mg hard capsules,peripheral oedema,General Disorders and Administration Site Conditions
Zeposia 0.23 mg hard capsules Zeposia 0.46 mg hard capsules Zeposia 0.92 mg hard capsules,pharyngitis,Infections and Infestations
Zeposia 0.23 mg hard capsules Zeposia 0.46 mg hard capsules Zeposia 0.92 mg hard capsules,pulmonary function test abnormal,Investigations
Zeposia 0.23 mg hard capsules Zeposia 0.46 mg hard capsules Zeposia 0.92 mg hard capsules,urinary tract infection,Infections and Infestations
Zeposia 0.23 mg hard capsules Zeposia 0.46 mg hard capsules Zeposia 0.92 mg hard capsules,viral respiratory tract infection,Infections and Infestations
