soc,count
Nervous System Disorders,439
Gastrointestinal Disorders,370
Skin and Subcutaneous Tissue Disorders,369
Psychiatric Disorders,345
General Disorders and Administration Site Conditions,241
Cardiac Disorders,163
"Respiratory, Thoracic and Mediastinal Disorders",156
Eye Disorders,145
Musculoskeletal and Connective Tissue Disorders,134
Blood and Lymphatic System Disorders,131
Hepatobiliary Disorders,118
Renal and Urinary Disorders,110
Vascular Disorders,107
Immune System Disorders,103
Investigations,98
Reproductive System and Breast Disorders,98
Metabolism and Nutrition Disorders,95
Not Known,62
Infections and Infestations,52
Ear and Labyrinth Disorders,36
Endocrine Disorders,29
"Injury, Poisoning and Procedural Complications",4
"Neoplasms Benign, Malignant and Unspecified",4
"Pregnancy, Puerperium and Perinatal Conditions",2
