drugLabel,atcCode,adrCount
Famotidine 40 mg film-coated tablets,A02BA03,47
PARIET 20 mg gastro-resistant tablet.,A02BC04,59
Loperamide 2mg Tablets,A07DA03,38
Budelin® Novolizer® 200 micrograms per actuation inhalation powder,A07EA06,33
Salazopyrin ® 500 mg Tablets Sulfasalazine 500 mg Tablets,A07EC01,88
Coagadex 500 IU powder and solvent for solution for injection.,B02BD13,26
"Octalbin 5% , 50 g/l, solution for infusion",B05AA01,21
Adenosine 30 mg/10 ml solution for infusion,C01EB10,57
INSPRA 25 mg film-coated tablets.,C03DA04,44
Sotalol 80mg Tablets,C07AA07,46
Labetalol 200 mg Film-coated Tablets,C07AG01,54
Amlodipine / Valsartan 5 mg / 80 mg film-coated tablets,C08CA01,103
Lercanidipine hydrochloride 20 mg film-coated tablets,C08CA13,30
Perindopril 2 mg tablets,C09AA04,73
Gentisone HC Ear Drops. Gentamicin 0.3% w/v and Hydrocortisone acetate 1% w/v Ear Drops,D06AX07,9
Isotretinoin 10 mg soft capsules,D10AD04,109
Testavan 20 mg/g Transdermal gel,G03BA03,52
Solifenacin succinate/tamsulosin hydrochloride Zentiva 6 mg/0.4 mg modified release tablets,G04BD08,59
Fesoterodine fumarate 4 mg prolonged-release tablets,G04BD11,38
Amoxicillin 250mg Capsules,J01CA04,38
Ganciclovir 500 mg powder for concentrate for solution for infusion,J05AB06,88
Efavirenz/Emtricitabine/Tenofovir disoproxil Glenmark 600 mg/ 200 mg/245 mg film-coated tablets,J05AG03,105
Cladribine Merck 10 mg tablets,L01BB04,13
Bosutinib 100 mg film‑coated tablets,L01EA04,143
Deximune 25 mg soft capsules,L04AD01,52
Zeposia 0.23 mg hard capsules Zeposia 0.46 mg hard capsules Zeposia 0.92 mg hard capsules,L04AE02,22
"Nurofen for Children Strawberry Baby Nurofen for Children 3 months to 9 years Strawberry Nurofen for Children Cold, Pain and Fever Strawberry Flavour 100 mg/5 ml Oral Suspension",M01AE01,21
Nurofen Joint & Muscular Pain Relief 200mg Medicated Plaster,M01AE01,25
"Ibuprofen 5% gel, Fenbid gel, Phorpain Gel, Flexigel, Ibuprofen Pain relief gel 5% w/w",M01AE01,26
Sevredol tablets 50mg,N02AA01,67
Targinact 5 mg/2.5 mg prolonged-release tablets,N02AA05,113
Targinact 20 mg/10 mg prolonged-release tablets,N02AA05,106
Oxycodone Hydrochloride 10 mg/ml solution for injection or infusion,N02AA05,94
Lyrica 225 mg hard capsules,N02BF02,187
"Pregabalin SUN 100 mg Capsules, Hard",N02BF02,187
Trileptal ® 150 mg Film-coated Tablets Trileptal ® 300 mg Film-coated Tablets Trileptal ® 600 mg Film-coated Tablets Oxcarbazepine ® 150mg Film-coated Tablets Oxcarbazepine ® 300mg Film-coated Tablets Oxcarbazepine ® 600mg Film-coated Tablets,N03AF02,62
Sodium Valproate 100mg/ml Solution for Injection or Infusion,N03AG01,103
Olanzapine Glenmark 2.5 mg tablets,N05AH03,78
Mintreleq XL 50 mg prolonged-release tablets Mintreleq XL 150 mg prolonged-release tablets Mintreleq XL 200 mg prolonged-release tablets Mintreleq XL 300 mg prolonged-release tablets Mintreleq XL 400 mg prolonged-release tablets,N05AH04,84
Melatonin 1 mg/ ml oral solution,N05CH01,97
Mirtazapine 45 mg film-coated tablets,N06AX11,64
Vensir XL 75mg prolonged release hard capsules Venlafaxine Morningside 75mg prolonged release hard capsules,N06AX16,104
"Equasym XL 10 mg modified-release capsules, hard Equasym XL 20 mg modified-release capsules, hard Equasym XL 30 mg modified-release capsules, hard",N06BA04,150
Atomoxetine 25 mg hard capsules,N06BA09,76
Riluzole 50 mg film-coated tablets,N07XX02,20
"Aspire Allergy Relief 2% w/v eye drops, Solution (eye drops) Optrex Allergy 2%w/v Eye Drops, Solution (eye drops) EM Pharma Allergy Relief 2%w/v Eye Drops, Solution (eye drops)",R01AC01,2
Montelukast 5 mg chewable tablets,R03DC03,52
"COSOPT iMulti 20 mg/ml + 5 mg/ml eye drops, solution",S01EC03,93
"VISIPAQUE 320 mg I/ml Solution for Injection, glass container and polypropylene container",V08AB09,120
"Primovist 0.25 mmol/ml, solution for injection, pre-filled syringe or Gadoxetate disodium 0.25 mmol/ml, solution for injection, pre-filled syringe",V08CA10,35
