product_id,brand_name,active_ingredient,atc_code,atc_matched_name
120,INSPRA 25 mg film-coated tablets.,,UNKNOWN,
503,Targinact 5 mg/2.5 mg prolonged-release tablets,,UNKNOWN,
1945,"Aspire Allergy Relief 2% w/v eye drops, Solution (eye drops) Optrex Allergy 2%w/v Eye Drops, Solution (eye drops) EM Pharma Allergy Relief 2%w/v Eye Drops, Solution (eye drops)",,UNKNOWN,
2602,Deximune 25 mg soft capsules,,UNKNOWN,
2648,Labetalol 200 mg Film-coated Tablets,,UNKNOWN,
3815,Trileptal ® 150 mg Film-coated Tablets Trileptal ® 300 mg Film-coated Tablets Trileptal ® 600 mg Film-coated Tablets Oxcarbazepine ® 150mg Film-coated Tablets Oxcarbazepine ® 300mg Film-coated Tablets Oxcarbazepine ® 600mg Film-coated Tablets,,UNKNOWN,
3887,"Equasym XL 10 mg modified-release capsules, hard Equasym XL 20 mg modified-release capsules, hard Equasym XL 30 mg modified-release capsules, hard",,UNKNOWN,
3904,"Primovist 0.25 mmol/ml, solution for injection, pre-filled syringe or Gadoxetate disodium 0.25 mmol/ml, solution for injection, pre-filled syringe",,UNKNOWN,
4732,Perindopril 2 mg tablets,,UNKNOWN,
6554,Gentisone HC Ear Drops. Gentamicin 0.3% w/v and Hydrocortisone acetate 1% w/v Ear Drops,,UNKNOWN,
7484,Mintreleq XL 50 mg prolonged-release tablets Mintreleq XL 150 mg prolonged-release tablets Mintreleq XL 200 mg prolonged-release tablets Mintreleq XL 300 mg prolonged-release tablets Mintreleq XL 400 mg prolonged-release tablets,,UNKNOWN,
7700,Sevredol tablets 50mg,,UNKNOWN,
7708,Targinact 20 mg/10 mg prolonged-release tablets,,UNKNOWN,
7867,PARIET 20 mg gastro-resistant tablet.,,UNKNOWN,
8137,"Nurofen for Children Strawberry Baby Nurofen for Children 3 months to 9 years Strawberry Nurofen for Children Cold, Pain and Fever Strawberry Flavour 100 mg/5 ml Oral Suspension",,UNKNOWN,
9280,Oxycodone Hydrochloride 10 mg/ml solution for injection or infusion,,UNKNOWN,
9321,Nurofen Joint & Muscular Pain Relief 200mg Medicated Plaster,,UNKNOWN,
9715,Budelin® Novolizer® 200 micrograms per actuation inhalation powder,,UNKNOWN,
9765,"COSOPT iMulti 20 mg/ml + 5 mg/ml eye drops, solution",,UNKNOWN,
10060,Riluzole 50 mg film-coated tablets,,UNKNOWN,
10309,Lyrica 225 mg hard capsules,,UNKNOWN,
10334,Atomoxetine 25 mg hard capsules,,UNKNOWN,
10419,Melatonin 1 mg/ ml oral solution,,UNKNOWN,
10555,Isotretinoin 10 mg soft capsules,,UNKNOWN,
10560,Coagadex 500 IU powder and solvent for solution for injection.,,UNKNOWN,
10755,"Pregabalin SUN 100 mg Capsules, Hard",,UNKNOWN,
11053,Olanzapine Glenmark 2.5 mg tablets,,UNKNOWN,
11509,Adenosine 30 mg/10 ml solution for infusion,,UNKNOWN,
11906,Zeposia 0.23 mg hard capsules Zeposia 0.46 mg hard capsules Zeposia 0.92 mg hard capsules,,UNKNOWN,
13261,Sotalol 80mg Tablets,,UNKNOWN,
13596,Sodium Valproate 100mg/ml Solution for Injection or Infusion,,UNKNOWN,
13659,Efavirenz/Emtricitabine/Tenofovir disoproxil Glenmark 600 mg/ 200 mg/245 mg film-coated tablets,,UNKNOWN,
13689,Amoxicillin 250mg Capsules,,UNKNOWN,
13742,Fesoterodine fumarate 4 mg prolonged-release tablets,,UNKNOWN,
13936,Testavan 20 mg/g Transdermal gel,,UNKNOWN,
14210,Amlodipine / Valsartan 5 mg / 80 mg film-coated tablets,,UNKNOWN,
14563,Montelukast 5 mg chewable tablets,,UNKNOWN,
14749,Lercanidipine hydrochloride 20 mg film-coated tablets,,UNKNOWN,
14799,Solifenacin succinate/tamsulosin hydrochloride Zentiva 6 mg/0.4 mg modified release tablets,,UNKNOWN,
14804,"VISIPAQUE 320 mg I/ml Solution for Injection, glass container and polypropylene container",,UNKNOWN,
15886,Salazopyrin ® 500 mg Tablets Sulfasalazine 500 mg Tablets,,UNKNOWN,
15960,"Octalbin 5% , 50 g/l, solution for infusion",,UNKNOWN,
16018,"Ibuprofen 5% gel, Fenbid gel, Phorpain Gel, Flexigel, Ibuprofen Pain relief gel 5% w/w",,UNKNOWN,
100179,Ganciclovir 500 mg powder for concentrate for solution for infusion,,UNKNOWN,
100626,Bosutinib 100 mg film‑coated tablets,,UNKNOWN,
100689,Famotidine 40 mg film-coated tablets,,UNKNOWN,
100725,Mirtazapine 45 mg film-coated tablets,,UNKNOWN,
100999,Loperamide 2mg Tablets,,UNKNOWN,
101803,Vensir XL 75mg prolonged release hard capsules Venlafaxine Morningside 75mg prolonged release hard capsules,,UNKNOWN,
101979,Cladribine Merck 10 mg tablets,,UNKNOWN,
